id_raza,nombre,id_grupo,seccion,pais,url,imagen
1,POINTER INGLÉS,1,Perros de muestra ingleses e irlandeses,REINO UNIDO,https://www.fci.be/es/nomenclature/POINTER-INGLES-1.html,https://www.fci.be/Nomenclature/Illustrations/001g07.jpg
2,SETTER INGLÉS,1,Perros de muestra ingleses e irlandeses,REINO UNIDO,https://www.fci.be/es/nomenclature/SETTER-INGLES-2.html,https://www.fci.be/Nomenclature/Illustrations/002g07.jpg
3,KERRY BLUE TERRIER,2,Terriers de talla grande y media,IRLANDA,https://www.fci.be/es/nomenclature/KERRY-BLUE-TERRIER-3.html,
4,CAIRN TERRIER,2,Terriers de talla pequeña,REINO UNIDO,https://www.fci.be/es/nomenclature/CAIRN-TERRIER-4.html,https://www.fci.be/Nomenclature/Illustrations/004g03.jpg
5,COCKER SPANIEL INGLÉS,3,Perros levantadores de caza,REINO UNIDO,https://www.fci.be/es/nomenclature/COCKER-SPANIEL-INGLES-5.html,https://www.fci.be/Nomenclature/Illustrations/005g08.jpg
6,GORDON SETTER,1,Perros de muestra ingleses e irlandeses,REINO UNIDO,https://www.fci.be/es/nomenclature/GORDON-SETTER-6.html,https://www.fci.be/Nomenclature/Illustrations/006g07.jpg
7,AIREDALE TERRIER,2,Terriers de talla grande y media,REINO UNIDO,https://www.fci.be/es/nomenclature/AIREDALE-TERRIER-7.html,https://www.fci.be/Nomenclature/Illustrations/007g03.jpg
8,AUSTRALIAN TERRIER,2,Terriers de talla pequeña,AUSTRALIA,https://www.fci.be/es/nomenclature/AUSTRALIAN-TERRIER-8.html,https://www.fci.be/Nomenclature/Illustrations/008g03.jpg
9,BEDLINGTON TERRIER,2,Terriers de talla grande y media,REINO UNIDO,https://www.fci.be/es/nomenclature/BEDLINGTON-TERRIER-9.html,https://www.fci.be/Nomenclature/Illustrations/009g03.jpg
10,BORDER TERRIER,2,Terriers de talla grande y media,REINO UNIDO,https://www.fci.be/es/nomenclature/BORDER-TERRIER-10.html,https://www.fci.be/Nomenclature/Illustrations/010g03.jpg
11,BULL TERRIER,2,Terriers de tipo bull,REINO UNIDO,https://www.fci.be/es/nomenclature/BULL-TERRIER-11.html,https://www.fci.be/Nomenclature/Illustrations/011g03.jpg
12,FOX TERRIER DE PELO LISO,2,Terriers de talla grande y media,REINO UNIDO,https://www.fci.be/es/nomenclature/FOX-TERRIER-DE-PELO-LISO-12.html,https://www.fci.be/Nomenclature/Illustrations/012g03.jpg
13,TERRIER DE JUGUETE INGLÉS (NEGRO Y FUEGO),2,Terriers de compañía,REINO UNIDO,https://www.fci.be/es/nomenclature/TERRIER-DE-JUGUETE-INGLES-NEGRO-Y-FUEGO-13.html,https://www.fci.be/Nomenclature/Illustrations/013g03.jpg
14,SPITZ DE LOS VISIGODOS - VALLHUND SUECO,4,Perros nórdicos de guarda y pastoreo,SUECIA,https://www.fci.be/es/nomenclature/SPITZ-DE-LOS-VISIGODOS-VALLHUND-SUECO-14.html,https://www.fci.be/Nomenclature/Illustrations/014g05.jpg
15,PERRO DE PASTOR BELGA,5,Perros de pastor,BÉLGICA,https://www.fci.be/es/nomenclature/PERRO-DE-PASTOR-BELGA-15.html,
16,ANTIGUO PERRO DE PASTOR INGLÉS,5,Perros de pastor,REINO UNIDO,https://www.fci.be/es/nomenclature/ANTIGUO-PERRO-DE-PASTOR-INGLES-16.html,https://www.fci.be/Nomenclature/Illustrations/016g01.jpg
17,GRIFÓN DEL NIVERNAIS,6,Perros tipo sabueso,FRANCIA,https://www.fci.be/es/nomenclature/GRIFON-DEL-NIVERNAIS-17.html,https://www.fci.be/Nomenclature/Illustrations/017g06.jpg
19,BRIQUET GRIFON VENDEANO,6,Perros tipo sabueso,FRANCIA,https://www.fci.be/es/nomenclature/BRIQUET-GRIFON-VENDEANO-19.html,https://www.fci.be/Nomenclature/Illustrations/019g06.jpg
20,SABUESO DEL ARIEGE,6,Perros tipo sabueso,FRANCIA,https://www.fci.be/es/nomenclature/SABUESO-DEL-ARIEGE-20.html,https://www.fci.be/Nomenclature/Illustrations/020g06.jpg
21,GASCON SAINTONGEOIS,6,Perros tipo sabueso,FRANCIA,https://www.fci.be/es/nomenclature/GASCON-SAINTONGEOIS-21.html,https://www.fci.be/Nomenclature/Illustrations/021g06-1.jpg
22,GRAN SABUESO AZUL DE GASCUÑA,6,Perros tipo sabueso,FRANCIA,https://www.fci.be/es/nomenclature/GRAN-SABUESO-AZUL-DE-GASCUNA-22.html,https://www.fci.be/Nomenclature/Illustrations/022g06.jpg
24,SABUESO POITEVIN,6,Perros tipo sabueso,FRANCIA,https://www.fci.be/es/nomenclature/SABUESO-POITEVIN-24.html,https://www.fci.be/Nomenclature/Illustrations/024g06.jpg
25,BILLY,6,Perros tipo sabueso,FRANCIA,https://www.fci.be/es/nomenclature/BILLY-25.html,https://www.fci.be/Nomenclature/Illustrations/025g06.jpg
28,SABUESO ARTESIANO,6,Perros tipo sabueso,FRANCIA,https://www.fci.be/es/nomenclature/SABUESO-ARTESIANO-28.html,https://www.fci.be/Nomenclature/Illustrations/028g06.jpg
30,PORCELAINE,6,Perros tipo sabueso,FRANCIA,https://www.fci.be/es/nomenclature/PORCELAINE-30.html,https://www.fci.be/Nomenclature/Illustrations/030g06.jpg
31,PEQUEÑO SABUESO AZUL DE GASCUÑA,6,Perros tipo sabueso,FRANCIA,https://www.fci.be/es/nomenclature/PEQUENO-SABUESO-AZUL-DE-GASCUNA-31.html,https://www.fci.be/Nomenclature/Illustrations/031g06.jpg
32,GRIFÓN AZUL DE GASCUÑA,6,Perros tipo sabueso,FRANCIA,https://www.fci.be/es/nomenclature/GRIFON-AZUL-DE-GASCUNA-32.html,https://www.fci.be/Nomenclature/Illustrations/032g06.jpg
33,GRAN BASSET GRIFÓN VENDEANO,6,Perros tipo sabueso,FRANCIA,https://www.fci.be/es/nomenclature/GRAN-BASSET-GRIFON-VENDEANO-33.html,
34,BASSET ARTESIANO DE NORMANDÍA,6,Perros tipo sabueso,FRANCIA,https://www.fci.be/es/nomenclature/BASSET-ARTESIANO-DE-NORMANDIA-34.html,https://www.fci.be/Nomenclature/Illustrations/034g06.jpg
35,BASSET AZUL DE GASCUÑA,6,Perros tipo sabueso,FRANCIA,https://www.fci.be/es/nomenclature/BASSET-AZUL-DE-GASCUNA-35.html,https://www.fci.be/Nomenclature/Illustrations/035g06.jpg
36,BASSET LEONADO DE BRETAÑA,6,Perros tipo sabueso,FRANCIA,https://www.fci.be/es/nomenclature/BASSET-LEONADO-DE-BRETANA-36.html,
37,PERRO DE AGUA PORTUGUÉS,3,Perros de agua,PORTUGAL,https://www.fci.be/es/nomenclature/PERRO-DE-AGUA-PORTUGUES-37.html,https://www.fci.be/Nomenclature/Illustrations/037g08.jpg
38,WELSH CORGI (CARDIGAN),5,Perros boyeros (excepto perros boyeros suizos),REINO UNIDO,https://www.fci.be/es/nomenclature/WELSH-CORGI-CARDIGAN-38.html,https://www.fci.be/Nomenclature/Illustrations/038g01.jpg
39,WELSH CORGI (PEMBROKE),5,Perros boyeros (excepto perros boyeros suizos),REINO UNIDO,https://www.fci.be/es/nomenclature/WELSH-CORGI-PEMBROKE-39.html,https://www.fci.be/Nomenclature/Illustrations/039g01.jpg
40,SOFT  COATED  WHEATEN  TERRIER IRLANDÉS,2,Terriers de talla grande y media,IRLANDA,https://www.fci.be/es/nomenclature/SOFT-COATED-WHEATEN-TERRIER-IRLANDES-40.html,
41,PERRO DE PASTOR YUGOSLAVO DE CHARPLANINA,7,Molosoides,"MACEDONIA DEL NORTE, SERBIA",https://www.fci.be/es/nomenclature/PERRO-DE-PASTOR-YUGOSLAVO-DE-CHARPLANINA-41.html,
42,PERRO CAZADOR DE ALCES SUECO,4,Perros nórdicos de cacería,SUECIA,https://www.fci.be/es/nomenclature/PERRO-CAZADOR-DE-ALCES-SUECO-42.html,https://www.fci.be/Nomenclature/Illustrations/042g05.jpg
43,BASENJI,4,Tipo primitivo,ÁFRICA CENTRAL,https://www.fci.be/es/nomenclature/BASENJI-43.html,
44,PASTOR DE BEAUCE,5,Perros de pastor,FRANCIA,https://www.fci.be/es/nomenclature/PASTOR-DE-BEAUCE-44.html,https://www.fci.be/Nomenclature/Illustrations/044g01.jpg
45,BOYERO DE MONTANA BERNES,7,Perros tipo montaña y boyeros suizos,SUIZA,https://www.fci.be/es/nomenclature/BOYERO-DE-MONTANA-BERNES-45.html,https://www.fci.be/Nomenclature/Illustrations/045g02.jpg
46,PERRO BOYERO DE APPENZELL,7,Perros tipo montaña y boyeros suizos,SUIZA,https://www.fci.be/es/nomenclature/PERRO-BOYERO-DE-APPENZELL-46.html,https://www.fci.be/Nomenclature/Illustrations/046g02.jpg
47,PERRO BOYERO DE ENTLEBUCH,7,Perros tipo montaña y boyeros suizos,SUIZA,https://www.fci.be/es/nomenclature/PERRO-BOYERO-DE-ENTLEBUCH-47.html,https://www.fci.be/Nomenclature/Illustrations/047g02.jpg
48,PERRO DE OSOS DE CARELIA,4,Perros nórdicos de cacería,FINLANDIA,https://www.fci.be/es/nomenclature/PERRO-DE-OSOS-DE-CARELIA-48.html,https://www.fci.be/Nomenclature/Illustrations/048g05-1.jpg
49,SPITZ FINLANDÉS,4,Perros nórdicos de cacería,FINLANDIA,https://www.fci.be/es/nomenclature/SPITZ-FINLANDES-49.html,https://www.fci.be/Nomenclature/Illustrations/049g05-1.jpg
50,TERRANOVA,7,Molosoides,CANADÁ,https://www.fci.be/es/nomenclature/TERRANOVA-50.html,
51,SABUESO FINLANDÉS,6,Perros tipo sabueso,FINLANDIA,https://www.fci.be/es/nomenclature/SABUESO-FINLANDES-51.html,
52,SABUESO POLACO,6,Perros tipo sabueso,POLONIA,https://www.fci.be/es/nomenclature/SABUESO-POLACO-52.html,https://www.fci.be/Nomenclature/Illustrations/052g06.jpg
53,KOMONDOR,5,Perros de pastor,HUNGRÍA,https://www.fci.be/es/nomenclature/KOMONDOR-53.html,https://www.fci.be/Nomenclature/Illustrations/053g01.jpg
54,KUVASZ,5,Perros de pastor,HUNGRÍA,https://www.fci.be/es/nomenclature/KUVASZ-54.html,https://www.fci.be/Nomenclature/Illustrations/054g01.jpg
55,PULI,5,Perros de pastor,HUNGRÍA,https://www.fci.be/es/nomenclature/PULI-55.html,https://www.fci.be/Nomenclature/Illustrations/055g01.jpg
56,PUMI,5,Perros de pastor,HUNGRÍA,https://www.fci.be/es/nomenclature/PUMI-56.html,https://www.fci.be/Nomenclature/Illustrations/056g01.jpg
57,BRACO HÚNGARO DE PELO CORTO,1,Perros de muestra continentales,HUNGRÍA,https://www.fci.be/es/nomenclature/BRACO-HUNGARO-DE-PELO-CORTO-57.html,https://www.fci.be/Nomenclature/Illustrations/057g07.jpg
58,GRAN BOYERO SUIZO,7,Perros tipo montaña y boyeros suizos,SUIZA,https://www.fci.be/es/nomenclature/GRAN-BOYERO-SUIZO-58.html,https://www.fci.be/Nomenclature/Illustrations/058g02.jpg
59,SABUESO SUIZO,6,Perros tipo sabueso,SUIZA,https://www.fci.be/es/nomenclature/SABUESO-SUIZO-59.html,https://www.fci.be/Nomenclature/Illustrations/059g06-1.jpg
60,SABUESO SUIZO PEQUEÑO,6,Perros tipo sabueso,SUIZA,https://www.fci.be/es/nomenclature/SABUESO-SUIZO-PEQUENO-60.html,https://www.fci.be/Nomenclature/Illustrations/060g06-1.jpg
61,SAN BERNARDO,7,Molosoides,SUIZA,https://www.fci.be/es/nomenclature/SAN-BERNARDO-61.html,https://www.fci.be/Nomenclature/Illustrations/061g02-1.jpg
62,SABUESO ESTIRIO DE PELO ÁSPERO,6,Perros tipo sabueso,AUSTRIA,https://www.fci.be/es/nomenclature/SABUESO-ESTIRIO-DE-PELO-ASPERO-62.html,https://www.fci.be/Nomenclature/Illustrations/062g06.jpg
63,SABUESO AUSTRIACO NEGRO Y FUEGO,6,Perros tipo sabueso,AUSTRIA,https://www.fci.be/es/nomenclature/SABUESO-AUSTRIACO-NEGRO-Y-FUEGO-63.html,https://www.fci.be/Nomenclature/Illustrations/063g06.jpg
64,PINSCHER AUSTRIACO,7,Tipo Pinscher y Schnauzer,AUSTRIA,https://www.fci.be/es/nomenclature/PINSCHER-AUSTRIACO-64.html,
65,MALTESE,8,Bichons y razas semejantes,CUENCA MEDITERRÁNEA CENTRAL,https://www.fci.be/es/nomenclature/MALTESE-65.html,
66,GRIFÓN LEONADO DE BRETAÑA,6,Perros tipo sabueso,FRANCIA,https://www.fci.be/es/nomenclature/GRIFON-LEONADO-DE-BRETANA-66.html,https://www.fci.be/Nomenclature/Illustrations/066g06.jpg
67,PEQUEÑO BASSET GRIFÓN VENDEANO,6,Perros tipo sabueso,FRANCIA,https://www.fci.be/es/nomenclature/PEQUENO-BASSET-GRIFON-VENDEANO-67.html,
68,SABUESO DEL TIROL,6,Perros tipo sabueso,AUSTRIA,https://www.fci.be/es/nomenclature/SABUESO-DEL-TIROL-68.html,
70,LAKELAND TERRIER,2,Terriers de talla grande y media,REINO UNIDO,https://www.fci.be/es/nomenclature/LAKELAND-TERRIER-70.html,https://www.fci.be/Nomenclature/Illustrations/070g03.jpg
71,MANCHESTER TERRIER,2,Terriers de talla grande y media,REINO UNIDO,https://www.fci.be/es/nomenclature/MANCHESTER-TERRIER-71.html,https://www.fci.be/Nomenclature/Illustrations/071g03.jpg
72,NORWICH TERRIER,2,Terriers de talla pequeña,REINO UNIDO,https://www.fci.be/es/nomenclature/NORWICH-TERRIER-72.html,https://www.fci.be/Nomenclature/Illustrations/072g03.jpg
73,SCOTTISH TERRIER,2,Terriers de talla pequeña,REINO UNIDO,https://www.fci.be/es/nomenclature/SCOTTISH-TERRIER-73.html,https://www.fci.be/Nomenclature/Illustrations/073g03.jpg
74,SEALYHAM TERRIER,2,Terriers de talla pequeña,REINO UNIDO,https://www.fci.be/es/nomenclature/SEALYHAM-TERRIER-74.html,https://www.fci.be/Nomenclature/Illustrations/074g03.jpg
75,SKYE TERRIER,2,Terriers de talla pequeña,REINO UNIDO,https://www.fci.be/es/nomenclature/SKYE-TERRIER-75.html,https://www.fci.be/Nomenclature/Illustrations/075g03.jpg
76,STAFFORDSHIRE BULL TERRIER,2,Terriers de tipo bull,REINO UNIDO,https://www.fci.be/es/nomenclature/STAFFORDSHIRE-BULL-TERRIER-76.html,https://www.fci.be/Nomenclature/Illustrations/076g03.jpg
77,SPANIEL CONTINENTAL ENANO DE COMPAÑÍA,8,Spaniel continental enano y otros,"BÉLGICA, FRANCIA",https://www.fci.be/es/nomenclature/SPANIEL-CONTINENTAL-ENANO-DE-COMPANIA-77.html,
78,WELSH TERRIER,2,Terriers de talla grande y media,REINO UNIDO,https://www.fci.be/es/nomenclature/WELSH-TERRIER-78.html,https://www.fci.be/Nomenclature/Illustrations/078g03.jpg
80,GRIFFON BRUXELLOIS,8,Perros belgas de talla pequeña,BÉLGICA,https://www.fci.be/es/nomenclature/GRIFFON-BRUXELLOIS-80.html,
81,GRIFFON BELGE,8,Perros belgas de talla pequeña,BÉLGICA,https://www.fci.be/es/nomenclature/GRIFFON-BELGE-81.html,https://www.fci.be/Nomenclature/Illustrations/081g09.jpg
82,PETIT BRABANÇON,8,Perros belgas de talla pequeña,BÉLGICA,https://www.fci.be/es/nomenclature/PETIT-BRABANCON-82.html,https://www.fci.be/Nomenclature/Illustrations/082g09.jpg
83,SCHIPPERKE,5,Perros de pastor,BÉLGICA,https://www.fci.be/es/nomenclature/SCHIPPERKE-83.html,
84,CHIEN DE SAINT HUBERT,6,Perros tipo sabueso,BÉLGICA,https://www.fci.be/es/nomenclature/CHIEN-DE-SAINT-HUBERT-84.html,
85,WEST HIGHLAND WHITE TERRIER,2,Terriers de talla pequeña,REINO UNIDO,https://www.fci.be/es/nomenclature/WEST-HIGHLAND-WHITE-TERRIER-85.html,https://www.fci.be/Nomenclature/Illustrations/085g03.jpg
86,YORKSHIRE TERRIER,2,Terriers de compañía,REINO UNIDO,https://www.fci.be/es/nomenclature/YORKSHIRE-TERRIER-86.html,https://www.fci.be/Nomenclature/Illustrations/086g03.jpg
87,PERRO DE PASTOR CATALÁN,5,Perros de pastor,ESPAÑA,https://www.fci.be/es/nomenclature/PERRO-DE-PASTOR-CATALAN-87.html,
88,PERRO PASTOR DE SHETLAND,5,Perros de pastor,REINO UNIDO,https://www.fci.be/es/nomenclature/PERRO-PASTOR-DE-SHETLAND-88.html,https://www.fci.be/Nomenclature/Illustrations/088g01.jpg
89,PODENCO IBICENCO,4,Tipo primitivo - Perros de caza,ESPAÑA,https://www.fci.be/es/nomenclature/PODENCO-IBICENCO-89.html,
90,PERDIGUERO DE BURGOS,1,Perros de muestra continentales,ESPAÑA,https://www.fci.be/es/nomenclature/PERDIGUERO-DE-BURGOS-90.html,
91,MASTÍN ESPAÑOL,7,Molosoides,ESPAÑA,https://www.fci.be/es/nomenclature/MASTIN-ESPANOL-91.html,
92,MASTÍN DEL PIRINEO,7,Molosoides,ESPAÑA,https://www.fci.be/es/nomenclature/MASTIN-DEL-PIRINEO-92.html,
93,PERRO DE PASTOR PORTUGUÉS,5,Perros de pastor,PORTUGAL,https://www.fci.be/es/nomenclature/PERRO-DE-PASTOR-PORTUGUES-93.html,https://www.fci.be/Nomenclature/Illustrations/093g01.jpg
94,PODENCO PORTUGUÉS,4,Tipo primitivo - Perros de caza,PORTUGAL,https://www.fci.be/es/nomenclature/PODENCO-PORTUGUES-94.html,https://www.fci.be/Nomenclature/Illustrations/094g05-1.jpg
95,SPANIEL BRETÓN,1,Perros de muestra continentales,FRANCIA,https://www.fci.be/es/nomenclature/SPANIEL-BRETON-95.html,https://www.fci.be/Nomenclature/Illustrations/095g07.jpg
96,RAFEIRO DEL ALENTEJO,7,Molosoides,PORTUGAL,https://www.fci.be/es/nomenclature/RAFEIRO-DEL-ALENTEJO-96.html,https://www.fci.be/Nomenclature/Illustrations/096g02.jpg
97,SPITZ ALEMÁN,4,Spitz europeos,ALEMANIA,https://www.fci.be/es/nomenclature/SPITZ-ALEMAN-97.html,https://www.fci.be/Nomenclature/Illustrations/097g05-1.jpg
98,PERRO DE MUESTRA ALEMÁN DE PELO DURO,1,Perros de muestra continentales,ALEMANIA,https://www.fci.be/es/nomenclature/PERRO-DE-MUESTRA-ALEMAN-DE-PELO-DURO-98.html,https://www.fci.be/Nomenclature/Illustrations/098g07.jpg
99,WEIMARANER,1,Perros de muestra continentales,ALEMANIA,https://www.fci.be/es/nomenclature/WEIMARANER-99.html,https://www.fci.be/Nomenclature/Illustrations/099g07-1.jpg
100,PERRO TEJONERO DE WESTFALIA,6,Perros tipo sabueso,ALEMANIA,https://www.fci.be/es/nomenclature/PERRO-TEJONERO-DE-WESTFALIA-100.html,
101,BULLDOG FRANCÉS,8,Molosoides de talla pequeña,FRANCIA,https://www.fci.be/es/nomenclature/BULLDOG-FRANCES-101.html,https://www.fci.be/Nomenclature/Illustrations/101g09.jpg
102,PEQUEÑO MÜNSTERLÄNDER,1,Perros de muestra continentales,ALEMANIA,https://www.fci.be/es/nomenclature/PEQUENO-MUNSTERLANDER-102.html,
103,TERRIER CAZADOR ALEMÁN,2,Terriers de talla grande y media,ALEMANIA,https://www.fci.be/es/nomenclature/TERRIER-CAZADOR-ALEMAN-103.html,https://www.fci.be/Nomenclature/Illustrations/103g03-1.jpg
104,PERDIGUERO ALEMÁN,3,Perros levantadores de caza,ALEMANIA,https://www.fci.be/es/nomenclature/PERDIGUERO-ALEMAN-104.html,https://www.fci.be/Nomenclature/Illustrations/104g08.jpg
105,PERRO DE AGUA FRANCÉS,3,Perros de agua,FRANCIA,https://www.fci.be/es/nomenclature/PERRO-DE-AGUA-FRANCES-105.html,https://www.fci.be/Nomenclature/Illustrations/105g08.jpg
106,SPANIEL AZUL DE PICARDIA,1,Perros de muestra continentales,FRANCIA,https://www.fci.be/es/nomenclature/SPANIEL-AZUL-DE-PICARDIA-106.html,https://www.fci.be/Nomenclature/Illustrations/106g07.jpg
107,GRIFÓN DE MUESTRA DE PELO DURO,1,Perros de muestra continentales,FRANCIA,https://www.fci.be/es/nomenclature/GRIFON-DE-MUESTRA-DE-PELO-DURO-107.html,https://www.fci.be/Nomenclature/Illustrations/107g07.jpg
108,SPANIEL PICARDO,1,Perros de muestra continentales,FRANCIA,https://www.fci.be/es/nomenclature/SPANIEL-PICARDO-108.html,https://www.fci.be/Nomenclature/Illustrations/108g07.jpg
109,CLUMBER SPANIEL,3,Perros levantadores de caza,REINO UNIDO,https://www.fci.be/es/nomenclature/CLUMBER-SPANIEL-109.html,https://www.fci.be/Nomenclature/Illustrations/109g08.jpg
110,COBRADOR DE PELO RIZADO,3,Perros cobradores de caza,REINO UNIDO,https://www.fci.be/es/nomenclature/COBRADOR-DE-PELO-RIZADO-110.html,https://www.fci.be/Nomenclature/Illustrations/110g08.jpg
111,COBRADOR DORADO,3,Perros cobradores de caza,REINO UNIDO,https://www.fci.be/es/nomenclature/COBRADOR-DORADO-111.html,https://www.fci.be/Nomenclature/Illustrations/111g08.jpg
113,PASTOR DE BRIE,5,Perros de pastor,FRANCIA,https://www.fci.be/es/nomenclature/PASTOR-DE-BRIE-113.html,https://www.fci.be/Nomenclature/Illustrations/113g01.jpg
114,SPANIEL DE PONT-AUDEMER,1,Perros de muestra continentales,FRANCIA,https://www.fci.be/es/nomenclature/SPANIEL-DE-PONT-AUDEMER-114.html,https://www.fci.be/Nomenclature/Illustrations/114g07.jpg
115,BRACO SAINT-GERMAIN,1,Perros de muestra continentales,FRANCIA,https://www.fci.be/es/nomenclature/BRACO-SAINT-GERMAIN-115.html,https://www.fci.be/Nomenclature/Illustrations/115g07.jpg
116,DOGO DE BURDEOS,7,Molosoides,FRANCIA,https://www.fci.be/es/nomenclature/DOGO-DE-BURDEOS-116.html,https://www.fci.be/Nomenclature/Illustrations/116g02.jpg
117,DEUTSCH LANGHAAR,1,Perros de muestra continentales,ALEMANIA,https://www.fci.be/es/nomenclature/DEUTSCH-LANGHAAR-117.html,https://www.fci.be/Nomenclature/Illustrations/117g07.jpg
118,GRAN MUNSTERLANDER,1,Perros de muestra continentales,ALEMANIA,https://www.fci.be/es/nomenclature/GRAN-MUNSTERLANDER-118.html,https://www.fci.be/Nomenclature/Illustrations/118g07.jpg
119,BRACO ALEMÁN DE PELO CORTO,1,Perros de muestra continentales,ALEMANIA,https://www.fci.be/es/nomenclature/BRACO-ALEMAN-DE-PELO-CORTO-119.html,https://www.fci.be/Nomenclature/Illustrations/119g07.jpg
120,SETTER IRLANDÉS ROJO,1,Perros de muestra ingleses e irlandeses,IRLANDA,https://www.fci.be/es/nomenclature/SETTER-IRLANDES-ROJO-120.html,
121,COBRADOR DE PELO LISO,3,Perros cobradores de caza,REINO UNIDO,https://www.fci.be/es/nomenclature/COBRADOR-DE-PELO-LISO-121.html,https://www.fci.be/Nomenclature/Illustrations/121g08.jpg
122,LABRADOR RETRIEVER,3,Perros cobradores de caza,REINO UNIDO,https://www.fci.be/es/nomenclature/LABRADOR-RETRIEVER-122.html,https://www.fci.be/Nomenclature/Illustrations/122g08.jpg
123,FIELD SPANIEL,3,Perros levantadores de caza,REINO UNIDO,https://www.fci.be/es/nomenclature/FIELD-SPANIEL-123.html,https://www.fci.be/Nomenclature/Illustrations/123g08.jpg
124,PERRO DE AGUA IRLANDÉS,3,Perros de agua,IRLANDA,https://www.fci.be/es/nomenclature/PERRO-DE-AGUA-IRLANDES-124.html,
125,SPRINGER SPANIEL INGLÉS,3,Perros levantadores de caza,REINO UNIDO,https://www.fci.be/es/nomenclature/SPRINGER-SPANIEL-INGLES-125.html,https://www.fci.be/Nomenclature/Illustrations/125g08.jpg
126,SPRINGER SPANIEL GALÉS,3,Perros levantadores de caza,REINO UNIDO,https://www.fci.be/es/nomenclature/SPRINGER-SPANIEL-GALES-126.html,https://www.fci.be/Nomenclature/Illustrations/126g08.jpg
127,SUSSEX SPANIEL,3,Perros levantadores de caza,REINO UNIDO,https://www.fci.be/es/nomenclature/SUSSEX-SPANIEL-127.html,https://www.fci.be/Nomenclature/Illustrations/127g08.jpg
128,KING CHARLES SPANIEL,8,Spaniels ingleses de compañía,REINO UNIDO,https://www.fci.be/es/nomenclature/KING-CHARLES-SPANIEL-128.html,https://www.fci.be/Nomenclature/Illustrations/128g09.jpg
129,SABUESO DE SMÅLAND,6,Perros tipo sabueso,SUECIA,https://www.fci.be/es/nomenclature/SABUESO-DE-SMALAND-129.html,https://www.fci.be/Nomenclature/Illustrations/129g06.jpg
130,PERRO TEJONERO SUECO,6,Perros tipo sabueso,SUECIA,https://www.fci.be/es/nomenclature/PERRO-TEJONERO-SUECO-130.html,https://www.fci.be/Nomenclature/Illustrations/130g06.jpg
131,SABUESO SCHILLER,6,Perros tipo sabueso,SUECIA,https://www.fci.be/es/nomenclature/SABUESO-SCHILLER-131.html,https://www.fci.be/Nomenclature/Illustrations/131g06.jpg
132,SABUESO HAMILTON,6,Perros tipo sabueso,SUECIA,https://www.fci.be/es/nomenclature/SABUESO-HAMILTON-132.html,https://www.fci.be/Nomenclature/Illustrations/132g06.jpg
133,BRACO FRANCÉS - TIPO GASCUÑA,1,Perros de muestra continentales,FRANCIA,https://www.fci.be/es/nomenclature/BRACO-FRANCES-TIPO-GASCUNA-133.html,https://www.fci.be/Nomenclature/Illustrations/133g07.jpg
134,BRACO FRANCÉS - TIPO PIRINEOS,1,Perros de muestra continentales,FRANCIA,https://www.fci.be/es/nomenclature/BRACO-FRANCES-TIPO-PIRINEOS-134.html,https://www.fci.be/Nomenclature/Illustrations/134g07.jpg
135,PERRO SUECO DE LAPONIA,4,Perros nórdicos de guarda y pastoreo,SUECIA,https://www.fci.be/es/nomenclature/PERRO-SUECO-DE-LAPONIA-135.html,https://www.fci.be/Nomenclature/Illustrations/135g05.jpg
136,CAVALIER KING CHARLES SPANIEL,8,Spaniels ingleses de compañía,REINO UNIDO,https://www.fci.be/es/nomenclature/CAVALIER-KING-CHARLES-SPANIEL-136.html,https://www.fci.be/Nomenclature/Illustrations/136g09.jpg
137,PERRO DE MONTAÑA DE LOS PIRINEOS,7,Molosoides,FRANCIA,https://www.fci.be/es/nomenclature/PERRO-DE-MONTANA-DE-LOS-PIRINEOS-137.html,https://www.fci.be/Nomenclature/Illustrations/137g02.jpg
138,PASTOR DE LOS PIRINEOS DE CARA RASA,5,Perros de pastor,FRANCIA,https://www.fci.be/es/nomenclature/PASTOR-DE-LOS-PIRINEOS-DE-CARA-RASA-138.html,https://www.fci.be/Nomenclature/Illustrations/138g01.jpg
139,TERRIER IRLANDÉS,2,Terriers de talla grande y media,IRLANDA,https://www.fci.be/es/nomenclature/TERRIER-IRLANDES-139.html,
140,BOSTON TERRIER,8,Molosoides de talla pequeña,ESTADOS UNIDOS,https://www.fci.be/es/nomenclature/BOSTON-TERRIER-140.html,
141,PERRO PASTOR DE LOS PIRINEOS DE PELO LARGO,5,Perros de pastor,FRANCIA,https://www.fci.be/es/nomenclature/PERRO-PASTOR-DE-LOS-PIRINEOS-DE-PELO-LARGO-141.html,https://www.fci.be/Nomenclature/Illustrations/141g01.jpg
142,TCHUVATCH ESLOVACO,5,Perros de pastor,ESLOVAQUIA,https://www.fci.be/es/nomenclature/TCHUVATCH-ESLOVACO-142.html,
143,DOBERMANN,7,Tipo Pinscher y Schnauzer,ALEMANIA,https://www.fci.be/es/nomenclature/DOBERMANN-143.html,https://www.fci.be/Nomenclature/Illustrations/143g02.jpg
144,BOXER,7,Molosoides,ALEMANIA,https://www.fci.be/es/nomenclature/BOXER-144.html,https://www.fci.be/Nomenclature/Illustrations/144g02.jpg
145,LEONBERGER,7,Molosoides,ALEMANIA,https://www.fci.be/es/nomenclature/LEONBERGER-145.html,
146,PERRO CRESTADO RODESIANO,6,Razas semejantes,SUDÁFRICA,https://www.fci.be/es/nomenclature/PERRO-CRESTADO-RODESIANO-146.html,https://www.fci.be/Nomenclature/Illustrations/146g06.jpg
147,ROTTWEILER,7,Molosoides,ALEMANIA,https://www.fci.be/es/nomenclature/ROTTWEILER-147.html,
148,TECKEL,9,,ALEMANIA,https://www.fci.be/es/nomenclature/TECKEL-148.html,https://www.fci.be/Nomenclature/Illustrations/148g04-1.jpg
149,BULLDOG,7,Molosoides,REINO UNIDO,https://www.fci.be/es/nomenclature/BULLDOG-149.html,https://www.fci.be/Nomenclature/Illustrations/149g02.jpg
150,SABUESO SERBIO,6,Perros tipo sabueso,SERBIA,https://www.fci.be/es/nomenclature/SABUESO-SERBIO-150.html,https://www.fci.be/Nomenclature/Illustrations/150g06.jpg
151,SABUESO DE ISTRIA DE PELO CORTO,6,Perros tipo sabueso,CROACIA,https://www.fci.be/es/nomenclature/SABUESO-DE-ISTRIA-DE-PELO-CORTO-151.html,https://www.fci.be/Nomenclature/Illustrations/151g06.jpg
152,SABUESO DE ISTRIA DE PELO DURO,6,Perros tipo sabueso,CROACIA,https://www.fci.be/es/nomenclature/SABUESO-DE-ISTRIA-DE-PELO-DURO-152.html,https://www.fci.be/Nomenclature/Illustrations/152g06.jpg
153,DÁLMATA,6,Razas semejantes,CROACIA,https://www.fci.be/es/nomenclature/DALMATA-153.html,https://www.fci.be/Nomenclature/Illustrations/153g06.jpg
154,SABUESO DEL VALLE DE SAVE,6,Perros tipo sabueso,CROACIA,https://www.fci.be/es/nomenclature/SABUESO-DEL-VALLE-DE-SAVE-154.html,https://www.fci.be/Nomenclature/Illustrations/154g06.jpg
155,SABUESO BOSNIO DE PELO CERDOSO - LLAMADO BARAK,6,Perros tipo sabueso,BOSNIA Y HERZEGOVINA,https://www.fci.be/es/nomenclature/SABUESO-BOSNIO-DE-PELO-CERDOSO-LLAMADO-BARAK-155.html,https://www.fci.be/Nomenclature/Illustrations/155g06.jpg
156,COLLIE DE PELO LARGO,5,Perros de pastor,REINO UNIDO,https://www.fci.be/es/nomenclature/COLLIE-DE-PELO-LARGO-156.html,https://www.fci.be/Nomenclature/Illustrations/156g01.jpg
157,BULLMASTIFF,7,Molosoides,REINO UNIDO,https://www.fci.be/es/nomenclature/BULLMASTIFF-157.html,
158,GREYHOUND,10,Lebreles de pelo corto,REINO UNIDO,https://www.fci.be/es/nomenclature/GREYHOUND-158.html,https://www.fci.be/Nomenclature/Illustrations/158g10.jpg
159,FOXHOUND INGLÉS,6,Perros tipo sabueso,REINO UNIDO,https://www.fci.be/es/nomenclature/FOXHOUND-INGLES-159.html,https://www.fci.be/Nomenclature/Illustrations/159g06.jpg
160,LEBREL IRLANDÉS,10,Lebreles de pelo duro,IRLANDA,https://www.fci.be/es/nomenclature/LEBREL-IRLANDES-160.html,
161,BEAGLE,6,Perros tipo sabueso,REINO UNIDO,https://www.fci.be/es/nomenclature/BEAGLE-161.html,https://www.fci.be/Nomenclature/Illustrations/161g06.jpg
162,WHIPPET,10,Lebreles de pelo corto,REINO UNIDO,https://www.fci.be/es/nomenclature/WHIPPET-162.html,https://www.fci.be/Nomenclature/Illustrations/162g10.jpg
163,BASSET HOUND,6,Perros tipo sabueso,REINO UNIDO,https://www.fci.be/es/nomenclature/BASSET-HOUND-163.html,https://www.fci.be/Nomenclature/Illustrations/163g06.jpg
164,LEBREL ESCOCÉS,10,Lebreles de pelo duro,REINO UNIDO,https://www.fci.be/es/nomenclature/LEBREL-ESCOCES-164.html,https://www.fci.be/Nomenclature/Illustrations/164g10.jpg
165,ESPINONE,1,Perros de muestra continentales,ITALIA,https://www.fci.be/es/nomenclature/ESPINONE-165.html,
166,PASTOR ALEMÁN,5,Perros de pastor,ALEMANIA,https://www.fci.be/es/nomenclature/PASTOR-ALEMAN-166.html,https://www.fci.be/Nomenclature/Illustrations/166g01-1.jpg
167,COCKER SPANIEL AMERICANO,3,Perros levantadores de caza,ESTADOS UNIDOS,https://www.fci.be/es/nomenclature/COCKER-SPANIEL-AMERICANO-167.html,
168,DANDIE DINMONT TERRIER,2,Terriers de talla pequeña,REINO UNIDO,https://www.fci.be/es/nomenclature/DANDIE-DINMONT-TERRIER-168.html,https://www.fci.be/Nomenclature/Illustrations/168g03.jpg
169,FOX TERRIER DE PELO ALAMBRE,2,Terriers de talla grande y media,REINO UNIDO,https://www.fci.be/es/nomenclature/FOX-TERRIER-DE-PELO-ALAMBRE-169.html,https://www.fci.be/Nomenclature/Illustrations/169g03.jpg
170,PERRO DE CASTRO LABOREIRO,7,Molosoides,PORTUGAL,https://www.fci.be/es/nomenclature/PERRO-DE-CASTRO-LABOREIRO-170.html,https://www.fci.be/Nomenclature/Illustrations/170g02.jpg
171,BOYERO DE LAS ARDENAS,5,Perros boyeros (excepto perros boyeros suizos),BÉLGICA,https://www.fci.be/es/nomenclature/BOYERO-DE-LAS-ARDENAS-171.html,
172,CANICHE,8,Caniche,FRANCIA,https://www.fci.be/es/nomenclature/CANICHE-172.html,https://www.fci.be/Nomenclature/Illustrations/172g09.jpg
173,PERRO DE LA SIERRA DE LA ESTRELA,7,Molosoides,PORTUGAL,https://www.fci.be/es/nomenclature/PERRO-DE-LA-SIERRA-DE-LA-ESTRELA-173.html,https://www.fci.be/Nomenclature/Illustrations/173g02.jpg
175,SPANIEL FRANCÉS,1,Perros de muestra continentales,FRANCIA,https://www.fci.be/es/nomenclature/SPANIEL-FRANCES-175.html,https://www.fci.be/Nomenclature/Illustrations/175g07.jpg
176,PASTOR DE PICARDÍA,5,Perros de pastor,FRANCIA,https://www.fci.be/es/nomenclature/PASTOR-DE-PICARDIA-176.html,https://www.fci.be/Nomenclature/Illustrations/176g01.jpg
177,BRACO DEL ARIEGE,1,Perros de muestra continentales,FRANCIA,https://www.fci.be/es/nomenclature/BRACO-DEL-ARIEGE-177.html,https://www.fci.be/Nomenclature/Illustrations/177g07-1.jpg
179,BRACO DEL BORBONESADO,1,Perros de muestra continentales,FRANCIA,https://www.fci.be/es/nomenclature/BRACO-DEL-BORBONESADO-179.html,https://www.fci.be/Nomenclature/Illustrations/179g07.jpg
180,BRACO DE AUVERNIA,1,Perros de muestra continentales,FRANCIA,https://www.fci.be/es/nomenclature/BRACO-DE-AUVERNIA-180.html,https://www.fci.be/Nomenclature/Illustrations/180g07.jpg
181,SCHNAUZER GIGANTE,7,Tipo Pinscher y Schnauzer,ALEMANIA,https://www.fci.be/es/nomenclature/SCHNAUZER-GIGANTE-181.html,https://www.fci.be/Nomenclature/Illustrations/181g02.jpg
182,SCHNAUZER,7,Tipo Pinscher y Schnauzer,ALEMANIA,https://www.fci.be/es/nomenclature/SCHNAUZER-182.html,https://www.fci.be/Nomenclature/Illustrations/182g02.jpg
183,SCHNAUZER MINIATURA,7,Tipo Pinscher y Schnauzer,ALEMANIA,https://www.fci.be/es/nomenclature/SCHNAUZER-MINIATURA-183.html,https://www.fci.be/Nomenclature/Illustrations/183g02.jpg
184,PINSCHER ALEMÁN,7,Tipo Pinscher y Schnauzer,ALEMANIA,https://www.fci.be/es/nomenclature/PINSCHER-ALEMAN-184.html,https://www.fci.be/Nomenclature/Illustrations/184g02.jpg
185,PINSCHER MINIATURA,7,Tipo Pinscher y Schnauzer,ALEMANIA,https://www.fci.be/es/nomenclature/PINSCHER-MINIATURA-185.html,https://www.fci.be/Nomenclature/Illustrations/185g02.jpg
186,AFFENPINSCHER,7,Tipo Pinscher y Schnauzer,ALEMANIA,https://www.fci.be/es/nomenclature/AFFENPINSCHER-186.html,https://www.fci.be/Nomenclature/Illustrations/186g02.jpg
187,PERDIGUERO PORTUGUÉS,1,Perros de muestra continentales,PORTUGAL,https://www.fci.be/es/nomenclature/PERDIGUERO-PORTUGUES-187.html,https://www.fci.be/Nomenclature/Illustrations/187g07.jpg
188,SLOUGHI,10,Lebreles de pelo corto,MARRUECOS,https://www.fci.be/es/nomenclature/SLOUGHI-188.html,
189,PERRO FINLANDÉS DE LAPONIA,4,Perros nórdicos de guarda y pastoreo,FINLANDIA,https://www.fci.be/es/nomenclature/PERRO-FINLANDES-DE-LAPONIA-189.html,https://www.fci.be/Nomenclature/Illustrations/189g05-1.jpg
190,HOVAWART,7,Molosoides,ALEMANIA,https://www.fci.be/es/nomenclature/HOVAWART-190.html,https://www.fci.be/Nomenclature/Illustrations/190g02.jpg
191,BOYERO DE FLANDES,5,Perros boyeros (excepto perros boyeros suizos),"BÉLGICA, FRANCIA",https://www.fci.be/es/nomenclature/BOYERO-DE-FLANDES-191.html,
192,KROMFOHRLÄNDER,8,Kromfohrländer,ALEMANIA,https://www.fci.be/es/nomenclature/KROMFOHRLANDER-192.html,https://www.fci.be/Nomenclature/Illustrations/192g09.jpg
193,BORZOI - LEBREL RUSO PARA LA CAZA,10,Lebreles de pelo largo u ondulado,RUSIA (FEDERACIÓN DE),https://www.fci.be/es/nomenclature/BORZOI-LEBREL-RUSO-PARA-LA-CAZA-193.html,https://www.fci.be/Nomenclature/Illustrations/193g10.jpg
194,PERRO DE PASTOR BERGAMASCO,5,Perros de pastor,ITALIA,https://www.fci.be/es/nomenclature/PERRO-DE-PASTOR-BERGAMASCO-194.html,https://www.fci.be/Nomenclature/Illustrations/194g01-1.jpg
195,VOLPINO ITALIANO,4,Spitz europeos,ITALIA,https://www.fci.be/es/nomenclature/VOLPINO-ITALIANO-195.html,
196,BOLOGNESE,8,Bichons y razas semejantes,ITALIA,https://www.fci.be/es/nomenclature/BOLOGNESE-196.html,
197,MASTÍN NAPOLITANO,7,Molosoides,ITALIA,https://www.fci.be/es/nomenclature/MASTIN-NAPOLITANO-197.html,
198,SABUESO ITALIANO DE PELO DURO,6,Perros tipo sabueso,ITALIA,https://www.fci.be/es/nomenclature/SABUESO-ITALIANO-DE-PELO-DURO-198.html,
199,CIRNECO DEL ETNA,4,Tipo primitivo - Perros de caza,ITALIA,https://www.fci.be/es/nomenclature/CIRNECO-DEL-ETNA-199.html,https://www.fci.be/Nomenclature/Illustrations/199g05-1.jpg
200,PEQUEÑO LEBREL ITALIANO,10,Lebreles de pelo corto,ITALIA,https://www.fci.be/es/nomenclature/PEQUENO-LEBREL-ITALIANO-200.html,
201,PERRO DE PASTOR DE LA MAREMMA Y DE LOS ABRUZOS,5,Perros de pastor,ITALIA,https://www.fci.be/es/nomenclature/PERRO-DE-PASTOR-DE-LA-MAREMMA-Y-DE-LOS-ABRUZOS-201.html,https://www.fci.be/Nomenclature/Illustrations/201g01.jpg
202,BRACO ITALIANO,1,Perros de muestra continentales,ITALIA,https://www.fci.be/es/nomenclature/BRACO-ITALIANO-202.html,https://www.fci.be/Nomenclature/Illustrations/202g07.jpg
203,SABUESO NORUEGO,6,Perros tipo sabueso,NORUEGA,https://www.fci.be/es/nomenclature/SABUESO-NORUEGO-203.html,https://www.fci.be/Nomenclature/Illustrations/203g06.jpg
204,SABUESO ESPAÑOL,6,Perros tipo sabueso,ESPAÑA,https://www.fci.be/es/nomenclature/SABUESO-ESPANOL-204.html,
205,CHOW CHOW,4,Spitz asiáticos y razas semejantes,CHINA,https://www.fci.be/es/nomenclature/CHOW-CHOW-205.html,https://www.fci.be/Nomenclature/Illustrations/205g05.jpg
206,SPANIEL JAPONÉS,8,Spaniels japoneses y pekineses,JAPÓN,https://www.fci.be/es/nomenclature/SPANIEL-JAPONES-206.html,https://www.fci.be/Nomenclature/Illustrations/206g09.jpg
207,PEKINÉS,8,Spaniels japoneses y pekineses,CHINA,https://www.fci.be/es/nomenclature/PEKINES-207.html,https://www.fci.be/Nomenclature/Illustrations/207g09.jpg
208,SHIH TZU,8,Perros tibetanos,Tíbet (China),https://www.fci.be/es/nomenclature/SHIH-TZU-208.html,https://www.fci.be/Nomenclature/Illustrations/208g09.jpg
209,TERRIER TIBETANO,8,Perros tibetanos,Tíbet (China),https://www.fci.be/es/nomenclature/TERRIER-TIBETANO-209.html,https://www.fci.be/Nomenclature/Illustrations/209g09.jpg
211,PERRO ESQUIMAL CANADIENSE,4,Perros nórdicos de trineo,CANADÁ,https://www.fci.be/es/nomenclature/PERRO-ESQUIMAL-CANADIENSE-211.html,https://www.fci.be/Nomenclature/Illustrations/211g05.jpg
212,SAMOYEDO,4,Perros nórdicos de trineo,"NORTE DE RUSIA, SIBERIA",https://www.fci.be/es/nomenclature/SAMOYEDO-212.html,https://www.fci.be/Nomenclature/Illustrations/212g05.jpg
213,RASTREADOR DE HANNOVER,6,Perros de rastro,ALEMANIA,https://www.fci.be/es/nomenclature/RASTREADOR-DE-HANNOVER-213.html,https://www.fci.be/Nomenclature/Illustrations/213g06-1.jpg
214,SABUESO HELÉNICO,6,Perros tipo sabueso,GRECIA,https://www.fci.be/es/nomenclature/SABUESO-HELENICO-214.html,
215,BICHON DE PELO RIZADO,8,Bichons y razas semejantes,"BÉLGICA, FRANCIA",https://www.fci.be/es/nomenclature/BICHON-DE-PELO-RIZADO-215.html,https://www.fci.be/Nomenclature/Illustrations/215g09-1.jpg
216,PUDELPOINTER,1,Perros de muestra continentales,ALEMANIA,https://www.fci.be/es/nomenclature/PUDELPOINTER-216.html,
217,RASTREADOR MONTAÑES DE BAVIERA,6,Perros de rastro,ALEMANIA,https://www.fci.be/es/nomenclature/RASTREADOR-MONTANES-DE-BAVIERA-217.html,https://www.fci.be/Nomenclature/Illustrations/217g06-1.jpg
218,CHIHUAHUEÑO,8,Chihuahueno,MÉXICO,https://www.fci.be/es/nomenclature/CHIHUAHUENO-218.html,https://www.fci.be/Nomenclature/Illustrations/218g09-1.jpg
219,SABUESO FRANCÉS TRICOLOR,6,Perros tipo sabueso,FRANCIA,https://www.fci.be/es/nomenclature/SABUESO-FRANCES-TRICOLOR-219.html,https://www.fci.be/Nomenclature/Illustrations/219g06.jpg
220,SABUESO FRANCÉS BLANCO Y NEGRO,6,Perros tipo sabueso,FRANCIA,https://www.fci.be/es/nomenclature/SABUESO-FRANCES-BLANCO-Y-NEGRO-220.html,https://www.fci.be/Nomenclature/Illustrations/220g06.jpg
221,PERRO DE AGUA FRISON,3,Perros de agua,PAÍSES BAJOS,https://www.fci.be/es/nomenclature/PERRO-DE-AGUA-FRISON-221.html,https://www.fci.be/Nomenclature/Illustrations/221g08-1.jpg
222,PERDIGUERO FRISÓN,1,Perros de muestra continentales,PAÍSES BAJOS,https://www.fci.be/es/nomenclature/PERDIGUERO-FRISON-222.html,https://www.fci.be/Nomenclature/Illustrations/222g07-1.jpg
223,PASTOR HOLANDÉS,5,Perros de pastor,PAÍSES BAJOS,https://www.fci.be/es/nomenclature/PASTOR-HOLANDES-223.html,https://www.fci.be/Nomenclature/Illustrations/223g01-1.jpg
224,PERDIGUERO DE DRENTE,1,Perros de muestra continentales,PAÍSES BAJOS,https://www.fci.be/es/nomenclature/PERDIGUERO-DE-DRENTE-224.html,https://www.fci.be/Nomenclature/Illustrations/224g07-1.jpg
225,FILA BRASILEÑO,7,Molosoides,BRASIL,https://www.fci.be/es/nomenclature/FILA-BRASILENO-225.html,https://www.fci.be/Nomenclature/Illustrations/225g02.jpg
226,LANDSEER (TIPO EUROPEO CONTINENTAL),7,Molosoides,"ALEMANIA, SUIZA",https://www.fci.be/es/nomenclature/LANDSEER-TIPO-EUROPEO-CONTINENTAL-226.html,
227,LHASA APSO,8,Perros tibetanos,Tíbet (China),https://www.fci.be/es/nomenclature/LHASA-APSO-227.html,https://www.fci.be/Nomenclature/Illustrations/227g09.jpg
228,LEBREL AFGANO,10,Lebreles de pelo largo u ondulado,AFGANISTÁN,https://www.fci.be/es/nomenclature/LEBREL-AFGANO-228.html,https://www.fci.be/Nomenclature/Illustrations/228g10.jpg
229,SABUESO TRICOLOR SERBIO,6,Perros tipo sabueso,SERBIA,https://www.fci.be/es/nomenclature/SABUESO-TRICOLOR-SERBIO-229.html,https://www.fci.be/Nomenclature/Illustrations/229g06.jpg
230,DOGO DEL TIBET,7,Molosoides,Tíbet (China),https://www.fci.be/es/nomenclature/DOGO-DEL-TIBET-230.html,
231,SPANIEL TIBETANO,8,Perros tibetanos,Tíbet (China),https://www.fci.be/es/nomenclature/SPANIEL-TIBETANO-231.html,https://www.fci.be/Nomenclature/Illustrations/231g09.jpg
232,PERRO DE MUESTRA ALEMÁN DE PELO CERDOSO,1,Perros de muestra continentales,ALEMANIA,https://www.fci.be/es/nomenclature/PERRO-DE-MUESTRA-ALEMAN-DE-PELO-CERDOSO-232.html,https://www.fci.be/Nomenclature/Illustrations/232g07.jpg
233,PEQUEÑO PERRO LEÓN,8,Bichons y razas semejantes,FRANCIA,https://www.fci.be/es/nomenclature/PEQUENO-PERRO-LEON-233.html,https://www.fci.be/Nomenclature/Illustrations/233g09.jpg
234,XOLOITZCUINTLE,4,Tipo primitivo,MÉXICO,https://www.fci.be/es/nomenclature/XOLOITZCUINTLE-234.html,https://www.fci.be/Nomenclature/Illustrations/234g05-1.jpg
235,GRAN DANÉS,7,Molosoides,ALEMANIA,https://www.fci.be/es/nomenclature/GRAN-DANES-235.html,https://www.fci.be/Nomenclature/Illustrations/235g02.jpg
236,TERRIER SEDOSO AUSTRALIANO,2,Terriers de compañía,AUSTRALIA,https://www.fci.be/es/nomenclature/TERRIER-SEDOSO-AUSTRALIANO-236.html,https://www.fci.be/Nomenclature/Illustrations/236g03.jpg
237,BUHUND NORUEGO,4,Perros nórdicos de guarda y pastoreo,NORUEGA,https://www.fci.be/es/nomenclature/BUHUND-NORUEGO-237.html,https://www.fci.be/Nomenclature/Illustrations/237g05.jpg
238,MUDI,5,Perros de pastor,HUNGRÍA,https://www.fci.be/es/nomenclature/MUDI-238.html,https://www.fci.be/Nomenclature/Illustrations/238g01.jpg
239,BRACO HÚNGARO DE PELO DURO,1,Perros de muestra continentales,HUNGRÍA,https://www.fci.be/es/nomenclature/BRACO-HUNGARO-DE-PELO-DURO-239.html,https://www.fci.be/Nomenclature/Illustrations/239g07.jpg
240,LEBREL HÚNGARO,10,Lebreles de pelo corto,HUNGRÍA,https://www.fci.be/es/nomenclature/LEBREL-HUNGARO-240.html,https://www.fci.be/Nomenclature/Illustrations/240g10.jpg
241,SABUESO HÚNGARO - SABUESO DE TRANSILVANIA,6,Perros tipo sabueso,HUNGRÍA,https://www.fci.be/es/nomenclature/SABUESO-HUNGARO-SABUESO-DE-TRANSILVANIA-241.html,https://www.fci.be/Nomenclature/Illustrations/241g06.jpg
242,CAZADOR DE ALCES NORUEGO GRIS,4,Perros nórdicos de cacería,NORUEGA,https://www.fci.be/es/nomenclature/CAZADOR-DE-ALCES-NORUEGO-GRIS-242.html,https://www.fci.be/Nomenclature/Illustrations/242g05.jpg
243,MALAMUTE DE ALASKA,4,Perros nórdicos de trineo,ESTADOS UNIDOS,https://www.fci.be/es/nomenclature/MALAMUTE-DE-ALASKA-243.html,https://www.fci.be/Nomenclature/Illustrations/243g05.JPG
244,SABUESO ESLOVACO,6,Perros tipo sabueso,ESLOVAQUIA,https://www.fci.be/es/nomenclature/SABUESO-ESLOVACO-244.html,
245,GRIFÓN DE MUESTRA BOHEMIO DE PELO DURO,1,Perros de muestra continentales,REPÚBLICA CHECA,https://www.fci.be/es/nomenclature/GRIFON-DE-MUESTRA-BOHEMIO-DE-PELO-DURO-245.html,
246,TERRIER CHECO,2,Terriers de talla pequeña,REPÚBLICA CHECA,https://www.fci.be/es/nomenclature/TERRIER-CHECO-246.html,https://www.fci.be/Nomenclature/Illustrations/246g03.jpg
247,PERRO DE MONTAÑA DEL ATLAS (AÏDI),7,Molosoides,MARRUECOS,https://www.fci.be/es/nomenclature/PERRO-DE-MONTANA-DEL-ATLAS-AIDI-247.html,
248,PERRO DEL FARAÓN,4,Tipo primitivo,MALTA,https://www.fci.be/es/nomenclature/PERRO-DEL-FARAON-248.html,
249,CA DE BOU,7,Molosoides,ESPAÑA,https://www.fci.be/es/nomenclature/CA-DE-BOU-249.html,
250,BICHON HABANERO,8,Bichons y razas semejantes,CUBA,https://www.fci.be/es/nomenclature/BICHON-HABANERO-250.html,
251,PERRO DE PASTOR POLACO DE LAS LLANURAS,5,Perros de pastor,POLONIA,https://www.fci.be/es/nomenclature/PERRO-DE-PASTOR-POLACO-DE-LAS-LLANURAS-251.html,https://www.fci.be/Nomenclature/Illustrations/251g01.jpg
252,PASTOR POLACO DE TATRA,5,Perros de pastor,POLONIA,https://www.fci.be/es/nomenclature/PASTOR-POLACO-DE-TATRA-252.html,https://www.fci.be/Nomenclature/Illustrations/252g01.jpg
253,PUG,8,Molosoides de talla pequeña,CHINA,https://www.fci.be/es/nomenclature/PUG-253.html,https://www.fci.be/Nomenclature/Illustrations/253g09.jpg
254,DACHSBRACKE DE LOS ALPES,6,Perros de rastro,AUSTRIA,https://www.fci.be/es/nomenclature/DACHSBRACKE-DE-LOS-ALPES-254.html,
255,AKITA,4,Spitz asiáticos y razas semejantes,JAPÓN,https://www.fci.be/es/nomenclature/AKITA-255.html,https://www.fci.be/Nomenclature/Illustrations/255g05.jpg
257,SHIBA,4,Spitz asiáticos y razas semejantes,JAPÓN,https://www.fci.be/es/nomenclature/SHIBA-257.html,https://www.fci.be/Nomenclature/Illustrations/257g05.jpg
259,TERRIER JAPONÉS,2,Terriers de talla pequeña,JAPÓN,https://www.fci.be/es/nomenclature/TERRIER-JAPONES-259.html,https://www.fci.be/Nomenclature/Illustrations/259g03.jpg
260,TOSA,7,Molosoides,JAPÓN,https://www.fci.be/es/nomenclature/TOSA-260.html,https://www.fci.be/Nomenclature/Illustrations/260g02.jpg
261,HOKKAIDO,4,Spitz asiáticos y razas semejantes,JAPÓN,https://www.fci.be/es/nomenclature/HOKKAIDO-261.html,https://www.fci.be/Nomenclature/Illustrations/261g05.jpg
262,SPITZ JAPONÉS,4,Spitz asiáticos y razas semejantes,JAPÓN,https://www.fci.be/es/nomenclature/SPITZ-JAPONES-262.html,https://www.fci.be/Nomenclature/Illustrations/262g05.jpg
263,CHESAPEAKE BAY RETRIEVER,3,Perros cobradores de caza,ESTADOS UNIDOS,https://www.fci.be/es/nomenclature/CHESAPEAKE-BAY-RETRIEVER-263.html,
264,MASTIFF,7,Molosoides,REINO UNIDO,https://www.fci.be/es/nomenclature/MASTIFF-264.html,
265,LUNDEHUND NORUEGO,4,Perros nórdicos de cacería,NORUEGA,https://www.fci.be/es/nomenclature/LUNDEHUND-NORUEGO-265.html,https://www.fci.be/Nomenclature/Illustrations/265g05.jpg
266,SABUESO DE HYGEN,6,Perros tipo sabueso,NORUEGA,https://www.fci.be/es/nomenclature/SABUESO-DE-HYGEN-266.html,https://www.fci.be/Nomenclature/Illustrations/266g06.jpg
267,SABUESO HALDEN,6,Perros tipo sabueso,NORUEGA,https://www.fci.be/es/nomenclature/SABUESO-HALDEN-267.html,https://www.fci.be/Nomenclature/Illustrations/267g06.jpg
268,CAZADOR DE ALCES NORUEGO NEGRO,4,Perros nórdicos de cacería,NORUEGA,https://www.fci.be/es/nomenclature/CAZADOR-DE-ALCES-NORUEGO-NEGRO-268.html,https://www.fci.be/Nomenclature/Illustrations/268g05.jpg
269,SALUKI,10,Lebreles de pelo largo u ondulado,MEDIO ORIENTE,https://www.fci.be/es/nomenclature/SALUKI-269.html,
270,HUSKY SIBERIANO,4,Perros nórdicos de trineo,ESTADOS UNIDOS,https://www.fci.be/es/nomenclature/HUSKY-SIBERIANO-270.html,https://www.fci.be/Nomenclature/Illustrations/270g05.jpg
271,COLLIE BARBUDO,5,Perros de pastor,REINO UNIDO,https://www.fci.be/es/nomenclature/COLLIE-BARBUDO-271.html,https://www.fci.be/Nomenclature/Illustrations/271g01.jpg
272,NORFOLK TERRIER,2,Terriers de talla pequeña,REINO UNIDO,https://www.fci.be/es/nomenclature/NORFOLK-TERRIER-272.html,https://www.fci.be/Nomenclature/Illustrations/272g03.jpg
273,CANAAN DOG,4,Tipo primitivo,ISRAEL,https://www.fci.be/es/nomenclature/CANAAN-DOG-273.html,
274,PERRO DE GROENLANDIA,4,Perros nórdicos de trineo,GROENLANDIA,https://www.fci.be/es/nomenclature/PERRO-DE-GROENLANDIA-274.html,https://www.fci.be/Nomenclature/Illustrations/274g05.jpg
275,RASTREADOR BRASILEÑO,6,Perros tipo sabueso,BRASIL,https://www.fci.be/es/nomenclature/RASTREADOR-BRASILENO-275.html,https://www.fci.be/Nomenclature/Illustrations/275g06.jpg
276,SPITZ DE NORRBOTTEN,4,Perros nórdicos de cacería,SUECIA,https://www.fci.be/es/nomenclature/SPITZ-DE-NORRBOTTEN-276.html,https://www.fci.be/Nomenclature/Illustrations/276g05.jpg
277,PERRO PASTOR CROATA,5,Perros de pastor,CROACIA,https://www.fci.be/es/nomenclature/PERRO-PASTOR-CROATA-277.html,https://www.fci.be/Nomenclature/Illustrations/277g01.jpg
278,PASTOR DE KARST,7,Molosoides,ESLOVENIA,https://www.fci.be/es/nomenclature/PASTOR-DE-KARST-278.html,https://www.fci.be/Nomenclature/Illustrations/278g02.jpg
279,SABUESO DE MONTAÑA DEL MONTENEGRO,6,Perros tipo sabueso,MONTENEGRO,https://www.fci.be/es/nomenclature/SABUESO-DE-MONTANA-DEL-MONTENEGRO-279.html,https://www.fci.be/Nomenclature/Illustrations/279g06.jpg
281,ANTIGUO PERRO DE MUESTRA DANÉS,1,Perros de muestra continentales,DINAMARCA,https://www.fci.be/es/nomenclature/ANTIGUO-PERRO-DE-MUESTRA-DANES-281.html,
282,GRAN GRIFON VENDEANO,6,Perros tipo sabueso,FRANCIA,https://www.fci.be/es/nomenclature/GRAN-GRIFON-VENDEANO-282.html,https://www.fci.be/Nomenclature/Illustrations/282g06.jpg
283,COTON DE TULEAR,8,Bichons y razas semejantes,MADAGASCAR,https://www.fci.be/es/nomenclature/COTON-DE-TULEAR-283.html,
284,PASTOR FINLANDÉS DE LAPONIA,4,Perros nórdicos de guarda y pastoreo,FINLANDIA,https://www.fci.be/es/nomenclature/PASTOR-FINLANDES-DE-LAPONIA-284.html,
285,GALGO ESPAÑOL,10,Lebreles de pelo corto,ESPAÑA,https://www.fci.be/es/nomenclature/GALGO-ESPANOL-285.html,
286,AMERICAN STAFFORDSHIRE TERRIER,2,Terriers de tipo bull,ESTADOS UNIDOS,https://www.fci.be/es/nomenclature/AMERICAN-STAFFORDSHIRE-TERRIER-286.html,
287,BOYERO AUSTRALIANO,5,Perros boyeros (excepto perros boyeros suizos),AUSTRALIA,https://www.fci.be/es/nomenclature/BOYERO-AUSTRALIANO-287.html,https://www.fci.be/Nomenclature/Illustrations/287g01.jpg
288,PERRO CRESTADO CHINO,8,Perros sin pelo,CHINA,https://www.fci.be/es/nomenclature/PERRO-CRESTADO-CHINO-288.html,https://www.fci.be/Nomenclature/Illustrations/288g09.jpg
289,PERRO DE PASTOR ISLANDÉS,4,Perros nórdicos de guarda y pastoreo,ISLANDIA,https://www.fci.be/es/nomenclature/PERRO-DE-PASTOR-ISLANDES-289.html,https://www.fci.be/Nomenclature/Illustrations/289g05.jpg
290,BEAGLE-HARRIER,6,Perros tipo sabueso,FRANCIA,https://www.fci.be/es/nomenclature/BEAGLE-HARRIER-290.html,https://www.fci.be/Nomenclature/Illustrations/290g06.jpg
291,EURÁSICO,4,Spitz asiáticos y razas semejantes,ALEMANIA,https://www.fci.be/es/nomenclature/EURASICO-291.html,https://www.fci.be/Nomenclature/Illustrations/291g05-1.jpg
292,DOGO ARGENTINO,7,Molosoides,ARGENTINA,https://www.fci.be/es/nomenclature/DOGO-ARGENTINO-292.html,https://www.fci.be/Nomenclature/Illustrations/292g02.jpg
293,AUSTRALIAN KELPIE,5,Perros de pastor,AUSTRALIA,https://www.fci.be/es/nomenclature/AUSTRALIAN-KELPIE-293.html,https://www.fci.be/Nomenclature/Illustrations/293g01.jpg
294,PERRO DE NUTRIA,6,Perros tipo sabueso,REINO UNIDO,https://www.fci.be/es/nomenclature/PERRO-DE-NUTRIA-294.html,https://www.fci.be/Nomenclature/Illustrations/294g06.jpg
295,HARRIER,6,Perros tipo sabueso,REINO UNIDO,https://www.fci.be/es/nomenclature/HARRIER-295.html,
296,COLLIE DE PELO CORTO,5,Perros de pastor,REINO UNIDO,https://www.fci.be/es/nomenclature/COLLIE-DE-PELO-CORTO-296.html,https://www.fci.be/Nomenclature/Illustrations/296g01.jpg
297,BORDER COLLIE,5,Perros de pastor,REINO UNIDO,https://www.fci.be/es/nomenclature/BORDER-COLLIE-297.html,https://www.fci.be/Nomenclature/Illustrations/297g01.jpg
298,PERRO DE AGUA DE ROMAGNA,3,Perros de agua,ITALIA,https://www.fci.be/es/nomenclature/PERRO-DE-AGUA-DE-ROMAGNA-298.html,https://www.fci.be/Nomenclature/Illustrations/298g08-1.jpg
299,SABUESO ALEMÁN,6,Perros tipo sabueso,ALEMANIA,https://www.fci.be/es/nomenclature/SABUESO-ALEMAN-299.html,
300,PERRO NEGRO Y FUEGO PARA LA CAZA DEL MAPACHE,6,Perros tipo sabueso,ESTADOS UNIDOS,https://www.fci.be/es/nomenclature/PERRO-NEGRO-Y-FUEGO-PARA-LA-CAZA-DEL-MAPACHE-300.html,https://www.fci.be/Nomenclature/Illustrations/300g06.jpg
301,PERRO DE AGUA AMERICANO,3,Perros de agua,ESTADOS UNIDOS,https://www.fci.be/es/nomenclature/PERRO-DE-AGUA-AMERICANO-301.html,
302,TERRIER GLEN DE IMAAL IRLANDÉS,2,Terriers de talla grande y media,IRLANDA,https://www.fci.be/es/nomenclature/TERRIER-GLEN-DE-IMAAL-IRLANDES-302.html,https://www.fci.be/Nomenclature/Illustrations/302g03.jpg
303,AMERICAN FOXHOUND,6,Perros tipo sabueso,ESTADOS UNIDOS,https://www.fci.be/es/nomenclature/AMERICAN-FOXHOUND-303.html,
304,LAIKA RUSO-EUROPEO,4,Perros nórdicos de cacería,RUSIA (FEDERACIÓN DE),https://www.fci.be/es/nomenclature/LAIKA-RUSO-EUROPEO-304.html,
305,LAIKA DE SIBERIA ORIENTAL,4,Perros nórdicos de cacería,RUSIA (FEDERACIÓN DE),https://www.fci.be/es/nomenclature/LAIKA-DE-SIBERIA-ORIENTAL-305.html,https://www.fci.be/Nomenclature/Illustrations/305g05-1.jpg
306,LAIKA DE SIBERIA OCCIDENTAL,4,Perros nórdicos de cacería,RUSIA (FEDERACIÓN DE),https://www.fci.be/es/nomenclature/LAIKA-DE-SIBERIA-OCCIDENTAL-306.html,https://www.fci.be/Nomenclature/Illustrations/306g05.jpg
307,AZAWAKH,10,Lebreles de pelo corto,MALI,https://www.fci.be/es/nomenclature/AZAWAKH-307.html,https://www.fci.be/Nomenclature/Illustrations/307g10-1.jpg
308,PERRO SMOUS HOLANDÉS,7,Tipo Pinscher y Schnauzer,PAÍSES BAJOS,https://www.fci.be/es/nomenclature/PERRO-SMOUS-HOLANDES-308.html,
309,SHAR PEI,7,Molosoides,CHINA,https://www.fci.be/es/nomenclature/SHAR-PEI-309.html,
310,PERRO SIN PELO DEL PERÚ,4,Tipo primitivo,PERÚ,https://www.fci.be/es/nomenclature/PERRO-SIN-PELO-DEL-PERU-310.html,https://www.fci.be/Nomenclature/Illustrations/310g05.jpg
311,PERRO LOBO DE SAARLOOS,5,Perros de pastor,PAÍSES BAJOS,https://www.fci.be/es/nomenclature/PERRO-LOBO-DE-SAARLOOS-311.html,https://www.fci.be/Nomenclature/Illustrations/311g01-1.jpg
312,PERRO COBRADOR DE NUEVA ESCOCIA,3,Perros cobradores de caza,CANADÁ,https://www.fci.be/es/nomenclature/PERRO-COBRADOR-DE-NUEVA-ESCOCIA-312.html,
313,SCHAPENDOES NEERLANDÉS,5,Perros de pastor,PAÍSES BAJOS,https://www.fci.be/es/nomenclature/SCHAPENDOES-NEERLANDES-313.html,https://www.fci.be/Nomenclature/Illustrations/313g01-1.jpg
314,NEDERLANDSE KOOIKERHONDJE,3,Perros levantadores de caza,PAÍSES BAJOS,https://www.fci.be/es/nomenclature/NEDERLANDSE-KOOIKERHONDJE-314.html,https://www.fci.be/Nomenclature/Illustrations/314g08-1.jpg
315,BROHOLMER,7,Molosoides,DINAMARCA,https://www.fci.be/es/nomenclature/BROHOLMER-315.html,https://www.fci.be/Nomenclature/Illustrations/315g02-1.jpg
316,SABUESO FRANCÉS BLANCO Y NARANJA,6,Perros tipo sabueso,FRANCIA,https://www.fci.be/es/nomenclature/SABUESO-FRANCES-BLANCO-Y-NARANJA-316.html,
317,KAI,4,Spitz asiáticos y razas semejantes,JAPÓN,https://www.fci.be/es/nomenclature/KAI-317.html,https://www.fci.be/Nomenclature/Illustrations/317g05.jpg
318,KISHU,4,Spitz asiáticos y razas semejantes,JAPÓN,https://www.fci.be/es/nomenclature/KISHU-318.html,https://www.fci.be/Nomenclature/Illustrations/318g05.jpg
319,SHIKOKU,4,Spitz asiáticos y razas semejantes,JAPÓN,https://www.fci.be/es/nomenclature/SHIKOKU-319.html,https://www.fci.be/Nomenclature/Illustrations/319g05.jpg
320,BRACO ESLOVACO DE PELO DURO,1,Perros de muestra continentales,ESLOVAQUIA,https://www.fci.be/es/nomenclature/BRACO-ESLOVACO-DE-PELO-DURO-320.html,
321,PERRO DE PASTOR MALLORQUĺN,5,Perros de pastor,ESPAÑA,https://www.fci.be/es/nomenclature/PERRO-DE-PASTOR-MALLORQU-314-N-321.html,
322,GRAN SABUESO ANGLO-FRANCÉS TRICOLOR,6,Perros tipo sabueso,FRANCIA,https://www.fci.be/es/nomenclature/GRAN-SABUESO-ANGLO-FRANCES-TRICOLOR-322.html,
323,GRAN SABUESO ANGLO-FRANCÉS BLANCO Y NEGRO,6,Perros tipo sabueso,FRANCIA,https://www.fci.be/es/nomenclature/GRAN-SABUESO-ANGLO-FRANCES-BLANCO-Y-NEGRO-323.html,https://www.fci.be/Nomenclature/Illustrations/323g06.jpg
324,GRAN SABUESO ANGLO-FRANCÉS BLANCO Y NARANJA,6,Perros tipo sabueso,FRANCIA,https://www.fci.be/es/nomenclature/GRAN-SABUESO-ANGLO-FRANCES-BLANCO-Y-NARANJA-324.html,https://www.fci.be/Nomenclature/Illustrations/324g06.jpg
325,SABUESO ANGLO-FRANCÉS DE TAMAÑO MEDIANO,6,Perros tipo sabueso,FRANCIA,https://www.fci.be/es/nomenclature/SABUESO-ANGLO-FRANCES-DE-TAMANO-MEDIANO-325.html,
326,PERRO DE PASTOR DE RUSIA MERIDIONAL,5,Perros de pastor,RUSIA (FEDERACIÓN DE),https://www.fci.be/es/nomenclature/PERRO-DE-PASTOR-DE-RUSIA-MERIDIONAL-326.html,https://www.fci.be/Nomenclature/Illustrations/326g01.jpg
327,TERRIER RUSO NEGRO,7,Tipo Pinscher y Schnauzer,RUSIA (FEDERACIÓN DE),https://www.fci.be/es/nomenclature/TERRIER-RUSO-NEGRO-327.html,https://www.fci.be/Nomenclature/Illustrations/327g02.jpg
328,PERRO PASTOR DEL CÁUCASO,7,Molosoides,RUSIA (FEDERACIÓN DE),https://www.fci.be/es/nomenclature/PERRO-PASTOR-DEL-CAUCASO-328.html,https://www.fci.be/Nomenclature/Illustrations/328g02.jpg
329,PODENCO CANARIO,4,Tipo primitivo - Perros de caza,ESPAÑA,https://www.fci.be/es/nomenclature/PODENCO-CANARIO-329.html,https://www.fci.be/Nomenclature/Illustrations/329g05.jpg
330,SETTER IRLANDÉS ROJO Y BLANCO,1,Perros de muestra ingleses e irlandeses,IRLANDA,https://www.fci.be/es/nomenclature/SETTER-IRLANDES-ROJO-Y-BLANCO-330.html,
331,PERRO PASTOR KANGAL,7,Molosoides,TURQUÍA,https://www.fci.be/es/nomenclature/PERRO-PASTOR-KANGAL-331.html,https://www.fci.be/Nomenclature/Illustrations/331g02.jpg
332,PERRO LOBO CHECOSLOVACO,5,Perros de pastor,CHECOSLOVAQUIA,https://www.fci.be/es/nomenclature/PERRO-LOBO-CHECOSLOVACO-332.html,
333,LEBREL POLACO,10,Lebreles de pelo corto,POLONIA,https://www.fci.be/es/nomenclature/LEBREL-POLACO-333.html,
334,KOREA JINDO DOG,4,Spitz asiáticos y razas semejantes,COREA (REPÚBLICA DE),https://www.fci.be/es/nomenclature/KOREA-JINDO-DOG-334.html,https://www.fci.be/Nomenclature/Illustrations/334g05.jpg
335,PERRO PASTOR DE ASIA CENTRAL,7,Molosoides,RUSIA (FEDERACIÓN DE),https://www.fci.be/es/nomenclature/PERRO-PASTOR-DE-ASIA-CENTRAL-335.html,https://www.fci.be/Nomenclature/Illustrations/335g02-1.jpg
336,PERRO DE AGUA ESPAÑOL,3,Perros de agua,ESPAÑA,https://www.fci.be/es/nomenclature/PERRO-DE-AGUA-ESPANOL-336.html,
337,SABUESO ITALIANO DE PELO RASO,6,Perros tipo sabueso,ITALIA,https://www.fci.be/es/nomenclature/SABUESO-ITALIANO-DE-PELO-RASO-337.html,https://www.fci.be/Nomenclature/Illustrations/337g06.jpg
338,THAI RIDGEBACK DOG,4,Tipo primitivo - Perros de caza,TAILANDIA,https://www.fci.be/es/nomenclature/THAI-RIDGEBACK-DOG-338.html,
339,PARSON RUSSELL TERRIER,2,Terriers de talla grande y media,REINO UNIDO,https://www.fci.be/es/nomenclature/PARSON-RUSSELL-TERRIER-339.html,https://www.fci.be/Nomenclature/Illustrations/339g03.jpg
340,FILA DE SAN MIGUEL,7,Molosoides,PORTUGAL,https://www.fci.be/es/nomenclature/FILA-DE-SAN-MIGUEL-340.html,
341,TERRIER BRASILEÑO,2,Terriers de talla grande y media,BRASIL,https://www.fci.be/es/nomenclature/TERRIER-BRASILENO-341.html,https://www.fci.be/Nomenclature/Illustrations/341g03.jpg
342,PERRO PASTOR AUSTRALIANO,5,Perros de pastor,ESTADOS UNIDOS,https://www.fci.be/es/nomenclature/PERRO-PASTOR-AUSTRALIANO-342.html,
343,CANE CORSO,7,Molosoides,ITALIA,https://www.fci.be/es/nomenclature/CANE-CORSO-343.html,https://www.fci.be/Nomenclature/Illustrations/343g02.jpg
344,AKITA AMERICANO,4,Spitz asiáticos y razas semejantes,JAPÓN,https://www.fci.be/es/nomenclature/AKITA-AMERICANO-344.html,
345,TERRIER JACK RUSSELL,2,Terriers de talla pequeña,REINO UNIDO,https://www.fci.be/es/nomenclature/TERRIER-JACK-RUSSELL-345.html,https://www.fci.be/Nomenclature/Illustrations/345g03-1.jpg
346,PRESA CANARIO,7,Molosoides,ESPAÑA,https://www.fci.be/es/nomenclature/PRESA-CANARIO-346.html,https://www.fci.be/Nomenclature/Illustrations/346g02.jpg
347,PASTOR BLANCO SUIZO,5,Perros de pastor,SUIZA,https://www.fci.be/es/nomenclature/PASTOR-BLANCO-SUIZO-347.html,https://www.fci.be/Nomenclature/Illustrations/347g01-1.jpg
348,PERRO DE TAIWAN,4,Tipo primitivo - Perros de caza,TAIWÁN,https://www.fci.be/es/nomenclature/PERRO-DE-TAIWAN-348.html,https://www.fci.be/Nomenclature/Illustrations/348g05.jpg
349,PERRO PASTOR RUMANO DE MIORITZA,5,Perros de pastor,RUMANÍA,https://www.fci.be/es/nomenclature/PERRO-PASTOR-RUMANO-DE-MIORITZA-349.html,https://www.fci.be/Nomenclature/Illustrations/349g01.jpg
350,"PERRO DE PASTOR RUMANO DE LOS CÁRPATOS ""CARPATIN""",5,Perros de pastor,RUMANÍA,https://www.fci.be/es/nomenclature/PERRO-DE-PASTOR-RUMANO-DE-LOS-CARPATOS-CARPATIN-350.html,https://www.fci.be/Nomenclature/Illustrations/350g01.jpg
351,PASTOR AUSTRALIANO STUMPY TAIL,5,Perros boyeros (excepto perros boyeros suizos),AUSTRALIA,https://www.fci.be/es/nomenclature/PASTOR-AUSTRALIANO-STUMPY-TAIL-351.html,
352,PEQUEÑO PERRO RUSO,8,Spaniel continental enano y otros,RUSIA (FEDERACIÓN DE),https://www.fci.be/es/nomenclature/PEQUENO-PERRO-RUSO-352.html,https://www.fci.be/Nomenclature/Illustrations/352g09-1.jpg
353,CIMARRÓN URUGUAYO,7,Molosoides,URUGUAY,https://www.fci.be/es/nomenclature/CIMARRON-URUGUAYO-353.html,https://www.fci.be/Nomenclature/Illustrations/353g02.jpg
354,GONCZY POLSKI,6,Perros tipo sabueso,POLONIA,https://www.fci.be/es/nomenclature/GONCZY-POLSKI-354.html,
355,PASTOR DE BOSNIA Y HERZEGOVINA - CROACIA,7,Molosoides,"BOSNIA Y HERZEGOVINA, CROACIA",https://www.fci.be/es/nomenclature/PASTOR-DE-BOSNIA-Y-HERZEGOVINA-CROACIA-355.html,https://www.fci.be/Nomenclature/Illustrations/355g02.jpg
356,PERRO DE GRANJA DANÉS Y SUECO,7,Tipo Pinscher y Schnauzer,"DINAMARCA, SUECIA",https://www.fci.be/es/nomenclature/PERRO-DE-GRANJA-DANES-Y-SUECO-356.html,https://www.fci.be/Nomenclature/Illustrations/356g02.jpg
357,PERRO DE PASTOR RUMANO DE BUCOVINA,7,Molosoides,RUMANÍA,https://www.fci.be/es/nomenclature/PERRO-DE-PASTOR-RUMANO-DE-BUCOVINA-357.html,https://www.fci.be/Nomenclature/Illustrations/357g02.jpg
358,THAI BANGKAEW DOG,4,Spitz asiáticos y razas semejantes,TAILANDIA,https://www.fci.be/es/nomenclature/THAI-BANGKAEW-DOG-358.html,https://www.fci.be/Nomenclature/Illustrations/358g05.jpg
359,BULL TERRIER MINIATURA,2,Terriers de tipo bull,REINO UNIDO,https://www.fci.be/es/nomenclature/BULL-TERRIER-MINIATURA-359.html,https://www.fci.be/Nomenclature/Illustrations/359g03.jpg
360,LANCASHIRE HEELER,5,Perros de pastor,INGLATERRA,https://www.fci.be/es/nomenclature/LANCASHIRE-HEELER-360.html,https://www.fci.be/Nomenclature/Illustrations/360g01.jpg
361,SEGUGIO MAREMMANO,6,Perros tipo sabueso,ITALIA,https://www.fci.be/es/nomenclature/SEGUGIO-MAREMMANO-361.html,https://www.fci.be/Nomenclature/Illustrations/361g06-1.jpg
362,PERRO KINTAMANI-BALI,4,Spitz asiáticos y razas semejantes,INDONESIA,https://www.fci.be/es/nomenclature/PERRO-KINTAMANI-BALI-362.html,https://www.fci.be/Nomenclature/Illustrations/362g05.jpg
363,RATONERO DE PRAGA,8,Spaniel continental enano y otros,REPÚBLICA CHECA,https://www.fci.be/es/nomenclature/RATONERO-DE-PRAGA-363.html,https://www.fci.be/Nomenclature/Illustrations/363g09-1.jpg
364,PERRO PASTOR BOHEMIO,5,Perros de pastor,REPÚBLICA CHECA,https://www.fci.be/es/nomenclature/PERRO-PASTOR-BOHEMIO-364.html,https://www.fci.be/Nomenclature/Illustrations/364g01-1.jpg
365,LAIKA DE YAKUTIA,4,Perros nórdicos de trineo,RUSIA (FEDERACIÓN DE),https://www.fci.be/es/nomenclature/LAIKA-DE-YAKUTIA-365.html,https://www.fci.be/Nomenclature/Illustrations/365g05-1.jpg
366,SABUESO DE ESTONIA,6,Perros tipo sabueso,ESTONIA,https://www.fci.be/es/nomenclature/SABUESO-DE-ESTONIA-366.html,https://www.fci.be/Nomenclature/Illustrations/366g06.jpg
367,PASTOR MINIATURA AMERICANO,5,Perros de pastor,ESTADOS UNIDOS,https://www.fci.be/es/nomenclature/PASTOR-MINIATURA-AMERICANO-367.html,
368,MASTÍN TRANSMONTANO,7,Molosoides,PORTUGAL,https://www.fci.be/es/nomenclature/MASTIN-TRANSMONTANO-368.html,https://www.fci.be/Nomenclature/Illustrations/368g02.jpg
369,BULLDOG CONTINENTAL,7,Molosoides,SUIZA,https://www.fci.be/es/nomenclature/BULLDOG-CONTINENTAL-369.html,https://www.fci.be/Nomenclature/Illustrations/369g02.jpg
370,RATONERO VALENCIANO,2,Terriers de talla grande y media,ESPAÑA,https://www.fci.be/es/nomenclature/RATONERO-VALENCIANO-370.html,https://www.fci.be/Nomenclature/Illustrations/370g03.jpg
371,RATONERO BODEGUERO ANDALUZ,2,Terriers de talla grande y media,ESPAÑA,https://www.fci.be/es/nomenclature/RATONERO-BODEGUERO-ANDALUZ-371.html,https://www.fci.be/Nomenclature/Illustrations/371g03.jpg
372,KAZAKH TAZY,10,Lebreles de pelo largo u ondulado,KAZAJISTÁN,https://www.fci.be/es/nomenclature/KAZAKH-TAZY-372.html,https://www.fci.be/Nomenclature/Illustrations/372g10-1.jpg
373,PERRO PASTOR CUERVO RUMANO,7,Molosoides,RUMANÍA,https://www.fci.be/es/nomenclature/PERRO-PASTOR-CUERVO-RUMANO-373.html,https://www.fci.be/Nomenclature/Illustrations/373g02.jpg
