fk_medicamento,fk_especie_individual
1,9
1,15
2,9
2,15
3,9
3,15
4,9
4,15
5,9
5,15
6,9
6,15
7,9
7,15
8,9
8,15
9,9
9,15
10,9
10,15
11,9
11,15
12,9
12,15
13,9
13,15
14,9
14,15
15,9
15,15
16,9
16,15
17,9
17,15
18,2
18,9
18,15
19,9
19,15
20,9
20,15
21,9
21,15
22,9
22,15
22,17
23,9
23,15
24,9
24,15
25,9
25,15
26,9
26,15
27,9
27,15
28,9
28,15
29,9
29,15
30,4
30,9
30,15
31,9
31,15
32,9
32,15
33,9
33,15
34,9
34,15
35,9
35,15
36,9
36,15
37,9
37,15
38,9
38,15
39,9
39,15
40,9
40,15
41,9
41,15
42,9
42,15
43,9
43,15
44,9
44,15
45,9
45,15
46,9
46,15
47,9
47,15
48,9
48,15
49,9
49,15
50,9
50,15
51,9
51,15
52,9
52,15
53,9
53,15
54,9
54,15
55,9
55,15
56,9
56,15
57,9
57,15
58,9
58,15
59,9
59,15
59,4
59,16
59,3
60,9
60,15
61,9
61,15
62,9
62,15
63,9
63,15
64,9
64,15
65,9
65,15
66,9
66,15
67,9
67,15
68,9
68,15
69,9
69,15
70,9
70,15
71,9
71,15
72,9
72,15
73,9
73,15
74,9
74,15
75,9
75,15
76,9
76,15
77,9
77,15
78,9
78,15
79,9
79,15
80,9
80,15
81,9
81,15
82,9
82,15
83,9
83,15
84,9
84,15
85,9
85,15
86,9
86,15
87,9
87,15
88,9
88,15
89,9
89,15
90,7
90,1
90,26
90,9
90,15
91,9
91,15
92,7
92,14
92,26
92,1
92,9
92,15
93,7
93,14
93,3
93,26
93,1
93,9
93,15
94,7
94,14
94,26
94,1
94,9
94,15
95,7
95,14
95,26
95,1
95,9
95,15
96,7
96,14
96,9
96,15
97,7
97,14
97,26
97,1
97,9
97,15
98,9
98,15
99,7
99,26
99,1
99,3
99,14
99,9
99,15
100,7
100,14
100,3
100,26
100,9
100,15
101,9
101,15
102,9
102,15
103,9
103,15
104,9
104,15
105,9
105,15
106,9
106,15
107,9
107,15
108,9
108,15
109,9
109,15
110,9
110,15
111,9
111,15
112,7
112,14
112,3
112,26
112,1
112,9
112,15
113,9
113,15
114,7
114,14
114,3
114,26
114,1
114,9
114,15
115,9
115,15
116,7
116,1
116,26
116,3
116,9
116,15
117,7
117,3
117,26
117,9
117,15
118,7
118,26
118,1
118,3
118,9
118,15
119,7
119,26
119,1
119,3
119,9
119,15
120,7
120,26
120,1
120,3
120,9
120,15
121,7
121,26
121,1
121,3
121,9
121,15
122,7
122,14
122,3
122,26
122,1
122,9
122,15
123,7
123,14
123,3
123,26
123,1
123,9
123,15
124,7
124,14
124,3
124,26
124,1
124,9
124,15
125,7
125,14
125,3
125,26
125,1
125,9
125,15
126,7
126,14
126,3
126,26
126,1
126,9
126,15
127,7
127,14
127,3
127,26
127,1
127,9
127,15
128,7
128,14
128,3
128,26
128,1
128,9
128,15
129,7
129,14
129,3
129,26
129,1
129,9
129,15
130,7
130,14
130,3
130,26
130,1
130,9
130,15
131,7
131,14
131,3
131,26
131,1
131,9
131,15
132,7
132,14
132,3
132,26
132,1
132,9
132,15
133,7
133,14
133,3
133,26
133,1
133,9
133,15
134,7
134,14
134,3
134,26
134,1
134,9
134,15
135,7
135,14
135,3
135,26
135,1
135,9
135,15
136,25
136,9
136,15
137,7
137,14
137,3
137,26
137,1
137,9
137,15
138,7
138,14
138,3
138,26
138,1
138,9
138,15
139,7
139,14
139,3
139,26
139,1
139,9
139,15
140,7
140,14
140,3
140,26
140,9
140,15
141,7
141,14
141,3
141,26
141,1
141,9
141,15
142,7
142,14
142,3
142,26
142,1
142,9
142,15
143,14
143,9
143,15
144,7
144,14
144,3
144,26
144,1
144,9
144,15
145,7
145,14
145,3
145,26
145,1
145,9
145,15
146,7
146,14
146,3
146,26
146,1
146,9
146,15
147,7
147,14
147,3
147,26
147,1
147,9
147,15
148,7
148,14
148,3
148,26
148,1
148,9
148,15
149,7
149,14
149,3
149,26
149,1
149,9
149,15
150,7
150,14
150,3
150,26
150,1
150,9
150,15
151,9
151,15
152,9
152,15
153,9
153,15
154,9
154,15
155,7
155,14
155,3
155,9
155,15
156,7
156,14
156,3
156,9
156,15
157,7
157,14
157,3
157,9
157,15
158,14
158,3
158,9
158,15
159,9
159,15
160,9
160,15
161,9
161,15
162,9
162,15
163,9
163,15
164,7
164,14
164,3
164,9
164,15
165,7
165,14
165,3
165,9
165,15
166,7
166,14
166,3
166,9
166,15
167,9
167,15
168,9
168,15
169,9
169,15
170,9
170,15
171,9
171,15
172,9
172,15
173,9
173,15
174,9
174,15
175,7
175,14
175,3
175,26
175,1
175,9
175,15
176,7
176,14
176,3
176,26
176,1
176,9
176,15
177,7
177,14
177,3
177,26
177,1
177,9
177,15
178,7
178,14
178,3
178,26
178,1
178,9
178,15
179,7
179,14
179,3
179,26
179,1
179,9
179,15
180,7
180,14
180,3
180,26
180,1
180,9
180,15
181,7
181,14
181,3
181,26
181,1
181,9
181,15
182,7
182,14
182,3
182,26
182,1
182,9
182,15
183,7
183,14
183,3
183,26
183,1
183,9
183,15
184,7
184,14
184,3
184,26
184,1
184,9
184,15
185,7
185,14
185,3
185,9
185,15
186,7
186,14
186,3
186,9
186,15
187,7
187,14
187,3
187,9
187,15
188,7
188,14
188,3
188,9
188,15
189,7
189,14
189,3
189,9
189,15
190,7
190,14
190,3
190,9
190,15
191,7
191,14
191,3
191,9
191,15
192,7
192,14
192,3
192,9
192,15
193,7
193,14
193,3
193,9
193,15
194,7
194,14
194,3
194,9
194,15
195,7
195,14
195,3
195,9
195,15
196,7
196,14
196,3
196,9
196,15
197,7
197,14
197,3
197,26
197,1
197,9
197,15
198,7
198,14
198,3
198,26
198,1
198,9
198,15
199,7
199,14
199,3
199,26
199,1
199,9
199,15
200,7
200,14
200,3
200,26
200,1
200,9
200,15
201,7
201,14
201,3
201,26
201,1
201,9
201,15
202,7
202,14
202,3
202,26
202,1
202,9
202,15
203,7
203,14
203,3
203,26
203,1
203,9
203,15
204,7
204,14
204,3
204,26
204,1
204,9
204,15
205,7
205,14
205,3
205,26
205,1
205,9
205,15
206,7
206,14
206,3
206,26
206,1
206,9
206,15
207,7
207,14
207,3
207,26
207,1
207,9
207,15
208,9
208,15
209,9
209,15
210,9
210,15
211,9
211,15
212,9
212,15
213,9
213,15
214,9
214,15
215,26
215,1
215,9
215,15
216,26
216,1
216,9
216,15
217,26
217,1
217,9
217,15
218,9
218,15
219,9
219,15
220,7
220,3
220,26
220,1
220,9
220,15
221,7
221,3
221,26
221,1
221,9
221,15
222,7
222,3
222,26
222,1
222,9
222,15
223,7
223,14
223,3
223,26
223,1
223,9
223,15
224,9
224,15
225,7
225,14
225,3
225,26
225,1
225,9
225,15
226,7
226,14
226,3
226,26
226,1
226,9
226,15
227,9
227,15
228,9
228,15
229,9
229,15
230,9
230,15
231,7
231,14
231,3
231,26
231,1
231,9
231,15
232,7
232,14
232,3
232,26
232,1
232,9
232,15
233,9
233,15
234,9
234,15
235,7
235,14
235,3
235,26
235,1
235,9
235,15
236,7
236,14
236,3
236,9
236,15
237,7
237,14
237,3
237,9
237,15
238,7
238,14
238,3
238,9
238,15
239,9
239,15
240,9
240,15
241,9
241,15
242,9
242,15
243,9
243,15
244,9
244,15
245,9
245,15
246,9
246,15
247,7
247,14
247,3
247,26
247,1
247,9
247,15
248,7
248,14
248,3
248,26
248,1
248,9
248,15
249,7
249,14
249,3
249,26
249,1
249,9
249,15
250,7
250,14
250,3
250,26
250,1
250,9
250,15
251,7
251,14
251,3
251,26
251,1
251,9
251,15
252,7
252,14
252,3
252,26
252,1
252,9
252,15
253,7
253,14
253,3
253,26
253,1
253,9
253,15
254,9
254,15
255,9
255,15
256,9
256,15
257,9
257,15
258,9
258,15
259,9
259,15
260,9
260,15
261,9
261,15
262,9
262,15
263,9
263,15
264,9
264,15
265,9
265,15
266,9
266,15
267,9
267,15
268,9
268,15
269,9
269,15
270,9
270,15
271,9
271,15
272,9
272,15
273,9
273,15
274,7
274,14
274,3
274,26
274,1
274,9
274,15
275,9
275,15
276,9
276,15
277,7
277,14
277,3
277,26
277,1
277,9
277,15
278,7
278,14
278,3
278,26
278,1
278,9
278,15
279,7
279,14
279,3
279,26
279,1
279,9
279,15
280,7
280,14
280,3
280,26
280,1
280,9
280,15
281,7
281,14
281,3
281,26
281,1
281,9
281,15
282,7
282,14
282,3
282,26
282,1
282,9
282,15
283,7
283,14
283,3
283,26
283,1
283,9
283,15
284,7
284,14
284,3
284,26
284,1
284,9
284,15
285,7
285,14
285,3
285,26
285,1
285,9
285,15
286,7
286,14
286,3
286,26
286,1
286,9
286,15
287,7
287,14
287,3
287,26
287,1
287,9
287,15
288,7
288,14
288,3
288,26
288,1
288,9
288,15
289,7
289,14
289,3
289,26
289,1
289,9
289,15
290,7
290,14
290,3
290,26
290,1
290,9
290,15
291,7
291,14
291,3
291,26
291,1
291,9
291,15
292,7
292,14
292,3
292,26
292,1
292,9
292,15
293,7
293,14
293,3
293,26
293,1
293,9
293,15
294,7
294,14
294,3
294,26
294,1
294,9
294,15
295,7
295,14
295,3
295,26
295,1
295,9
295,15
296,7
296,14
296,3
296,26
296,1
296,9
296,15
297,7
297,14
297,3
297,26
297,1
297,9
297,15
298,9
298,15
299,9
299,15
300,9
300,15
301,7
301,14
301,3
301,26
301,1
301,9
301,15
302,9
302,15
303,9
303,15
304,9
304,15
305,9
305,15
306,9
306,15
307,9
307,15
308,9
308,15
309,7
309,14
309,3
309,26
309,1
309,9
309,15
310,9
310,15
311,7
311,14
311,3
311,26
311,1
311,9
311,15
312,9
312,15
313,9
313,15
314,7
314,14
314,3
314,26
314,1
314,9
314,15
315,7
315,14
315,3
315,26
315,1
315,9
315,15
316,9
316,15
317,9
317,15
318,9
318,15
319,9
319,15
320,7
320,14
320,3
320,26
320,1
320,9
320,15
321,9
321,15
322,9
322,15
323,7
323,14
323,3
323,26
323,1
323,9
323,15
324,7
324,14
324,3
324,26
324,9
324,15
325,7
325,14
325,3
325,26
325,1
325,9
325,15
326,7
326,14
326,3
326,26
326,1
326,9
326,15
327,7
327,14
327,3
327,26
327,1
327,9
327,15
328,7
328,14
328,3
328,26
328,1
328,9
328,15
329,9
329,15
330,7
330,14
330,3
330,26
330,1
330,9
330,15
331,7
331,14
331,3
331,26
331,1
331,9
331,15
332,14
332,9
332,15
333,7
333,14
333,3
333,26
333,1
333,9
333,15
334,14
334,9
334,15
335,7
335,14
335,3
335,26
335,1
335,9
335,15
336,9
336,15
337,9
337,15
338,7
338,14
338,3
338,26
338,1
338,9
338,15
339,7
339,14
339,3
339,26
339,1
339,9
339,15
340,9
340,15
341,7
341,14
341,3
341,26
341,1
341,9
341,15
342,7
342,14
342,3
342,26
342,1
342,9
342,15
343,7
343,14
343,3
343,26
343,1
343,9
343,15
344,7
344,14
344,3
344,26
344,1
344,9
344,15
345,7
345,14
345,3
345,26
345,1
345,9
345,15
346,7
346,14
346,3
346,26
346,1
346,9
346,15
347,9
347,15
348,7
348,14
348,3
348,26
348,1
348,9
348,15
349,9
349,15
350,9
350,15
351,9
351,15
352,9
352,15
353,7
353,14
353,3
353,26
353,1
353,9
353,15
354,7
354,14
354,3
354,26
354,1
354,9
354,15
355,7
355,14
355,3
355,26
355,1
355,9
355,15
356,7
356,14
356,3
356,26
356,1
356,9
356,15
357,7
357,14
357,3
357,26
357,1
357,9
357,15
358,9
358,15
359,7
359,14
359,3
359,26
359,1
359,9
359,15
360,9
360,15
361,9
361,15
362,9
362,15
363,9
363,15
364,9
364,15
365,9
365,15
366,7
366,14
366,3
366,9
366,15
367,7
367,14
367,3
367,9
367,15
368,7
368,14
368,3
368,9
368,15
369,7
369,14
369,3
369,9
369,15
370,7
370,14
370,3
370,9
370,15
371,7
371,14
371,3
371,26
371,1
371,9
371,15
372,7
372,14
372,3
372,26
372,1
372,9
372,15
373,7
373,14
373,3
373,26
373,1
373,9
373,15
374,7
374,14
374,3
374,26
374,1
374,9
374,15
375,7
375,14
375,3
375,26
375,1
375,9
375,15
376,7
376,14
376,3
376,26
376,1
376,9
376,15
377,7
377,14
377,3
377,26
377,1
377,9
377,15
378,7
378,14
378,3
378,26
378,1
378,9
378,15
379,7
379,14
379,3
379,26
379,1
379,9
379,15
380,7
380,14
380,3
380,26
380,1
380,9
380,15
381,9
381,15
382,9
382,15
383,9
383,15
384,7
384,14
384,3
384,26
384,9
384,15
385,7
385,14
385,3
385,26
385,9
385,15
386,7
386,14
386,3
386,26
386,9
386,15
387,9
387,15
388,9
388,15
389,9
389,15
390,9
390,15
391,9
391,15
392,9
392,15
393,7
393,14
393,3
393,26
393,9
393,15
394,7
394,14
394,3
394,26
394,9
394,15
395,7
395,14
395,3
395,26
395,9
395,15
396,7
396,14
396,3
396,26
396,9
396,15
397,7
397,14
397,3
397,26
397,9
397,15
398,7
398,14
398,3
398,26
398,9
398,15
399,7
399,14
399,3
399,26
399,9
399,15
400,7
400,14
400,3
400,9
400,15
401,7
401,14
401,3
401,9
401,15
402,9
402,15
403,9
403,15
404,9
404,15
405,9
405,15
406,9
406,15
407,14
407,9
407,15
408,14
408,9
408,15
409,14
409,9
409,15
410,14
410,9
410,15
411,7
411,14
411,3
411,26
411,1
411,9
411,15
412,7
412,14
412,3
412,26
412,1
412,9
412,15
413,7
413,14
413,3
413,26
413,1
413,9
413,15
414,7
414,14
414,3
414,26
414,1
414,9
414,15
415,7
415,14
415,3
415,26
415,1
415,9
415,15
416,7
416,14
416,3
416,26
416,1
416,9
416,15
417,7
417,14
417,3
417,9
417,15
418,7
418,14
418,3
418,9
418,15
419,7
419,14
419,3
419,9
419,15
420,7
420,14
420,3
420,9
420,15
421,7
421,14
421,3
421,9
421,15
422,7
422,14
422,3
422,9
422,15
423,7
423,14
423,3
423,9
423,15
424,7
424,14
424,3
424,9
424,15
425,9
425,15
426,5
427,5
428,5
429,5
430,9
430,15
431,7
431,14
431,3
431,26
431,1
431,9
431,15
432,9
432,15
433,9
433,15
434,9
434,15
435,9
435,15
436,9
436,15
437,9
437,15
438,7
438,3
438,14
438,9
438,15
439,9
439,15
440,9
440,15
441,14
441,9
441,15
442,14
442,9
442,15
443,7
443,14
443,3
443,26
443,1
443,9
443,15
444,9
444,15
445,9
445,15
446,9
446,15
447,9
447,15
448,9
448,15
449,9
449,15
450,9
450,15
451,9
451,15
452,9
452,15
453,9
453,15
454,9
454,15
455,9
455,15
456,3
456,7
456,14
456,1
456,26
456,9
456,15
457,7
457,3
457,1
457,14
457,26
457,9
457,15
458,7
458,4
458,3
458,3
458,9
458,15
459,7
459,14
459,1
459,26
459,3
459,9
459,15
460,14
460,3
460,9
460,15
461,7
461,14
461,3
461,26
461,1
461,9
461,15
462,7
462,14
462,3
462,26
462,1
462,9
462,15
463,7
463,14
463,3
463,26
463,1
463,9
463,15
464,7
464,14
464,3
464,26
464,1
464,9
464,15
465,7
465,14
465,3
465,26
465,1
465,9
465,15
466,7
466,14
466,3
466,26
466,1
466,9
466,15
467,7
467,3
467,26
467,1
467,14
467,9
467,15
468,7
468,3
468,26
468,1
468,14
468,9
468,15
469,9
469,15
470,9
470,15
471,7
471,14
471,3
471,9
471,15
472,7
472,26
472,1
472,3
472,9
472,15
473,26
473,1
473,9
473,15
474,7
474,14
474,3
474,9
474,15
475,9
475,15
476,9
476,15
477,9
477,15
478,7
478,14
478,3
478,26
478,1
478,9
478,15
479,9
479,15
480,7
480,3
480,9
480,15
481,9
481,15
482,9
482,15
483,9
483,15
484,9
484,15
485,9
485,15
486,9
486,15
487,9
487,15
488,9
488,15
489,9
489,15
490,9
490,15
491,9
491,15
492,9
492,15
493,9
493,15
494,9
494,15
495,9
495,15
496,14
496,9
496,15
497,9
497,15
498,9
498,15
499,9
499,15
500,9
500,15
501,9
501,15
502,9
502,15
503,9
503,15
504,9
504,15
505,9
505,15
506,9
506,15
507,9
507,15
508,9
508,15
509,9
509,15
510,9
510,15
511,9
511,15
512,9
512,15
513,9
513,15
514,9
514,15
515,9
515,15
516,9
516,15
517,9
517,15
518,9
518,15
519,9
519,15
520,9
520,15
521,9
521,15
522,9
522,15
523,9
523,15
524,9
524,15
525,9
525,15
526,9
526,15
527,9
527,15
528,9
528,15
529,9
529,15
530,9
530,15
531,9
531,15
532,9
532,15
533,9
533,15
534,9
534,15
535,9
535,15
536,9
536,15
537,9
537,15
538,9
538,15
539,9
539,15
540,7
540,14
540,1
540,26
540,3
540,9
540,15
541,7
541,14
541,1
541,26
541,3
541,9
541,15
542,9
542,15
543,9
543,15
544,9
544,15
545,9
545,15
546,9
546,15
547,9
547,15
548,9
548,15
549,7
549,9
549,15
550,9
550,15
551,9
551,15
552,9
552,15
553,9
553,15
554,9
554,15
555,9
555,15
556,9
556,15
557,9
557,15
558,9
558,15
559,9
559,15
560,9
560,15
561,9
561,15
562,9
562,15
563,9
563,15
564,9
564,15
565,9
565,15
566,9
566,15
567,9
567,15
568,9
568,15
569,9
569,15
570,9
570,15
571,9
571,15
572,9
572,15
573,9
573,15
574,9
574,15
575,9
575,15
576,9
576,15
577,9
577,15
578,9
578,15
579,9
579,15
580,9
580,15
581,9
581,15
582,9
582,15
583,9
583,15
584,9
584,15
585,9
585,15
586,9
586,15
587,9
587,15
588,9
588,15
589,9
589,15
590,9
590,15
591,9
591,15
592,9
592,15
593,9
593,15
594,9
594,15
595,9
595,15
596,9
596,15
597,9
597,15
598,9
598,15
599,9
599,15
600,9
600,15
601,9
601,15
602,9
602,15
603,9
603,15
604,9
604,15
605,9
605,15
606,9
606,15
607,9
607,15
608,9
608,15
609,9
609,15
610,9
610,15
611,9
611,15
612,9
612,15
613,9
613,15
614,9
614,15
615,9
615,15
616,9
616,15
617,9
617,15
618,9
618,15
619,9
619,15
620,9
620,15
621,9
621,15
622,9
622,15
623,9
623,15
624,9
624,15
625,9
625,15
626,9
626,15
627,9
627,15
628,9
628,15
629,9
629,15
630,9
630,15
631,9
631,15
632,9
632,15
633,9
633,15
634,9
634,15
635,14
635,3
635,9
635,15
636,14
636,3
636,9
636,15
637,14
637,3
637,9
637,15
638,14
638,3
638,9
638,15
639,14
639,3
639,9
639,15
640,14
640,3
640,9
640,15
641,14
641,3
641,9
641,15
642,14
642,3
642,9
642,15
643,14
643,3
643,9
643,15
644,14
644,3
644,9
644,15
645,14
645,3
645,9
645,15
646,9
646,15
647,9
647,15
648,9
648,15
649,9
649,15
650,9
650,15
651,9
651,15
652,9
652,15
653,9
653,15
654,9
654,15
655,9
655,15
656,9
656,15
657,9
657,15
658,9
658,15
659,9
659,15
660,9
660,15
661,9
661,15
662,9
662,15
663,9
663,15
664,9
664,15
665,9
665,15
666,9
666,15
667,9
667,15
668,9
668,15
669,9
669,15
670,9
670,15
671,9
671,15
672,9
672,15
673,9
673,15
674,9
674,15
675,9
675,15
676,9
676,15
677,9
677,15
678,9
678,15
679,9
679,15
680,9
680,15
681,9
681,15
682,9
682,15
683,9
683,15
684,9
684,15
685,9
685,15
686,9
686,15
687,9
687,15
688,9
688,15
689,9
689,15
690,9
690,15
691,9
691,15
692,9
692,15
693,9
693,15
694,9
694,15
695,9
695,15
696,9
696,15
697,9
697,15
698,9
698,15
699,9
699,15
700,9
700,15
701,9
701,15
702,9
702,15
703,9
703,15
704,9
704,15
705,9
705,15
706,9
706,15
707,9
707,15
708,9
708,15
709,9
709,15
710,9
710,15
711,9
711,15
712,9
712,15
713,9
713,15
714,9
714,15
715,7
715,3
715,4
715,9
715,15
716,7
716,3
716,4
716,9
716,15
717,7
717,3
717,4
717,9
717,15
718,9
718,15
719,9
719,15
720,9
720,15
721,9
721,15
722,9
722,15
723,9
723,15
724,9
724,15
725,9
725,15
726,9
726,15
727,7
727,14
727,3
727,26
727,1
727,9
727,15
728,7
728,14
728,3
728,26
728,1
728,9
728,15
729,7
729,14
729,3
729,26
729,1
729,9
729,15
730,7
730,14
730,3
730,26
730,1
730,9
730,15
731,7
731,14
731,3
731,26
731,1
731,9
731,15
732,7
732,14
732,3
732,26
732,1
732,9
732,15
733,7
733,14
733,3
733,26
733,1
733,9
733,15
734,7
734,14
734,3
734,26
734,1
734,9
734,15
735,9
735,15
736,9
736,15
737,9
737,15
738,9
738,15
739,9
739,15
740,9
740,15
741,9
741,15
742,7
742,14
742,3
742,26
742,1
742,9
742,15
743,7
743,14
743,3
743,26
743,1
743,9
743,15
744,7
744,14
744,3
744,26
744,1
744,9
744,15
745,7
745,3
745,1
745,9
745,15
746,7
746,3
746,1
746,9
746,15
747,7
747,3
747,1
747,9
747,15
748,2
748,14
748,3
748,9
748,15
749,7
749,14
749,11
749,26
749,1
749,9
749,15
750,7
750,14
750,11
750,26
750,1
750,9
750,15
751,9
751,15
752,9
752,15
753,9
753,15
754,9
754,15
755,9
755,15
756,9
756,15
757,9
757,15
758,9
758,15
759,9
759,15
760,9
760,15
761,9
761,15
762,9
762,15
763,9
763,15
764,9
764,15
765,9
765,15
766,9
766,15
767,9
767,15
768,7
768,14
768,3
768,26
768,1
768,9
768,15
769,9
769,15
770,7
770,3
770,9
770,15
771,9
771,15
772,9
772,15
773,9
773,15
774,9
774,15
775,9
775,15
776,9
776,15
777,7
777,14
777,26
777,1
777,3
777,2
777,4
777,9
777,15
778,9
778,15
779,9
779,15
780,7
780,14
780,26
780,1
780,3
780,9
780,15
781,9
781,15
782,9
782,15
783,9
783,15
784,9
784,15
785,9
785,15
786,9
786,15
787,9
787,15
788,9
788,15
789,9
789,15
790,9
790,15
791,9
791,15
792,9
792,15
793,9
793,15
794,9
794,15
795,9
795,15
796,9
796,15
797,9
797,15
798,9
798,15
799,9
799,15
800,9
800,15
801,9
801,15
802,9
802,15
803,9
803,15
804,9
804,15
805,9
805,15
806,9
806,15
807,9
807,15
808,9
808,15
809,7
809,14
809,26
809,1
809,3
809,9
809,15
810,14
810,3
810,7
810,26
810,1
810,9
810,15
811,7
811,14
811,26
811,1
811,3
811,9
811,15
812,7
812,3
812,9
812,15
813,7
813,26
813,1
813,9
813,15
814,7
814,26
814,1
814,9
814,15
815,9
815,15
816,9
816,15
817,9
817,15
818,9
818,15
819,3
819,7
819,26
819,1
819,9
819,15
820,9
820,15
821,9
821,15
822,9
822,15
823,9
823,15
824,7
824,3
824,14
824,9
824,15
825,9
825,15
826,9
826,15
827,9
827,15
828,9
828,15
829,9
829,15
830,9
830,15
831,9
831,15
832,9
832,15
833,9
833,15
834,9
834,15
835,7
835,26
835,1
835,3
835,14
835,9
835,15
836,9
836,15
837,9
837,15
838,9
838,15
839,9
839,15
840,9
840,15
841,9
841,15
842,9
842,15
843,9
843,15
844,9
844,15
845,9
845,15
846,9
846,15
847,9
847,15
848,9
848,15
849,7
849,26
849,1
849,3
849,9
849,15
850,7
850,26
850,1
850,3
850,9
850,15
851,9
851,15
852,9
852,15
853,9
853,15
854,9
854,15
855,9
855,15
856,9
856,15
857,9
857,15
858,9
858,15
859,9
859,15
860,7
860,14
860,3
860,26
860,1
860,9
860,15
861,7
861,14
861,26
861,1
861,3
861,9
861,15
862,7
862,14
862,26
862,1
862,3
862,9
862,15
863,7
863,14
863,1
863,26
863,3
863,9
863,15
864,7
864,14
864,1
864,26
864,3
864,9
864,15
865,9
865,15
866,9
866,15
867,9
867,15
868,7
868,26
868,1
868,9
868,15
869,7
869,26
869,1
869,9
869,15
870,7
870,26
870,1
870,9
870,15
871,7
871,26
871,1
871,9
871,15
872,7
872,26
872,1
872,9
872,15
873,7
873,9
873,15
874,7
874,9
874,15
875,7
875,3
875,9
875,15
876,7
876,3
876,9
876,15
877,3
877,14
877,9
877,15
878,3
878,14
878,9
878,15
879,3
879,14
879,9
879,15
880,3
880,14
880,9
880,15
881,7
881,9
881,15
882,7
882,9
882,15
883,7
883,26
883,9
883,15
884,7
884,9
884,15
885,7
885,26
885,9
885,15
886,7
886,14
886,3
886,9
886,15
887,7
887,26
887,9
887,15
888,7
888,26
888,1
888,3
888,9
888,15
889,7
889,26
889,1
889,9
889,15
890,7
890,26
890,1
890,3
890,9
890,15
891,7
891,26
891,1
891,3
891,9
891,15
892,7
892,26
892,1
892,3
892,9
892,15
893,7
893,14
893,9
893,15
894,7
894,14
894,3
894,26
894,1
894,9
894,15
895,9
895,15
896,9
896,15
897,9
897,15
898,9
898,15
899,9
899,15
900,9
900,15
901,9
901,15
902,9
902,15
903,9
903,15
904,9
904,15
905,9
905,15
906,9
906,15
907,7
907,14
907,3
907,26
907,1
907,9
907,15
908,9
908,15
909,7
909,3
909,26
909,14
909,9
909,15
910,7
910,14
910,3
910,26
910,1
910,9
910,15
911,7
911,3
911,26
911,1
911,9
911,15
912,7
912,3
912,26
912,1
912,9
912,15
913,7
913,3
913,26
913,1
913,9
913,15
914,7
914,3
914,26
914,1
914,9
914,15
915,7
915,3
915,26
915,1
915,9
915,15
916,7
916,14
916,3
916,26
916,1
916,9
916,15
917,7
917,14
917,3
917,26
917,1
917,9
917,15
918,7
918,14
918,3
918,26
918,1
918,9
918,15
919,9
919,15
920,9
920,15
921,9
921,15
922,9
922,15
923,7
923,1
923,14
923,3
923,26
923,9
923,15
924,9
924,15
925,9
925,15
926,7
926,1
926,14
926,3
926,26
926,9
926,15
926,24
927,7
927,1
927,14
927,3
927,26
927,9
927,15
927,24
928,9
928,15
929,9
929,15
930,7
930,14
930,3
930,26
930,1
930,9
930,15
931,7
931,14
931,3
931,26
931,1
931,9
931,15
932,9
932,15
933,7
933,14
933,3
933,26
933,1
933,9
933,15
934,7
934,14
934,1
934,26
934,3
934,9
934,15
935,7
935,14
935,1
935,26
935,3
935,9
935,15
936,7
936,14
936,1
936,26
936,3
936,9
936,15
937,7
937,14
937,1
937,26
937,3
937,9
937,15
938,7
938,14
938,1
938,26
938,3
938,9
938,15
939,7
939,14
939,1
939,26
939,3
939,9
939,15
940,7
940,14
940,3
940,26
940,1
940,9
940,15
940,2
940,6
940,4
940,5
940,3
941,7
941,14
941,26
941,1
941,9
941,15
942,9
942,15
943,9
943,15
944,9
944,15
945,9
945,15
946,9
946,15
947,7
947,14
947,26
947,1
947,8
947,9
947,15
948,7
948,14
948,26
948,1
948,3
948,9
948,15
949,9
949,15
950,14
950,7
950,3
950,1
950,26
950,13
950,2
950,5
950,9
950,15
951,9
951,15
952,9
952,15
953,9
953,15
954,9
954,15
955,9
955,15
956,9
956,15
957,7
957,14
957,26
957,1
957,3
957,2
957,9
957,15
958,7
958,14
958,26
958,1
958,3
958,2
958,9
958,15
959,7
959,14
959,26
959,1
959,3
959,2
959,9
959,15
960,7
960,14
960,26
960,1
960,3
960,2
960,9
960,15
961,7
961,14
961,26
961,1
961,3
961,2
961,9
961,15
962,7
962,3
962,26
962,14
962,9
962,15
963,7
963,3
963,1
963,26
963,14
963,9
963,15
964,9
964,15
965,14
965,9
965,15
966,9
966,15
967,9
967,15
968,9
968,15
969,9
969,15
970,9
970,15
971,9
971,15
972,9
972,15
973,9
973,15
974,9
974,15
975,9
975,15
976,7
976,3
976,26
976,1
976,14
976,9
976,15
977,7
977,26
977,3
977,9
977,15
978,7
978,14
978,26
978,1
978,3
978,9
978,15
979,7
979,3
979,26
979,1
979,14
979,9
979,15
980,7
980,26
980,3
980,9
980,15
981,9
981,15
982,9
982,15
983,9
983,15
984,9
984,15
985,9
985,15
986,9
986,15
987,9
987,15
988,9
988,15
989,14
989,7
989,1
989,26
989,3
989,9
989,15
990,14
990,7
990,3
990,9
990,15
991,14
991,7
991,1
991,26
991,3
991,9
991,15
992,14
992,7
992,3
992,9
992,15
993,14
993,7
993,1
993,26
993,3
993,9
993,15
994,14
994,7
994,3
994,9
994,15
995,9
995,15
996,7
996,14
996,3
996,26
996,1
996,9
996,15
997,5
998,5
999,5
1000,5
1001,5
1001,3
1001,7
1002,4
1002,6
1002,12
1002,28
1002,27
1002,18
1002,5
1003,5
1004,5
1004,3
1005,5
1006,5
1007,5
1008,5
1009,5
1010,5
1011,9
1011,5
1012,5
1013,6
1013,4
1013,28
1013,5
1014,9
1014,15
1014,21
1014,13
1014,2
1014,23
1014,31
1014,5
1014,24
1015,9
1015,15
1015,34
1015,33
1015,22
1015,19
1016,9
1016,15
1016,2
1016,31
1016,32
1016,13
1017,4
1017,6
1017,5
1018,5
1019,9
1019,15
1019,21
1019,13
1019,2
1019,23
1019,31
1019,5
1019,24
1020,9
1020,15
1020,34
1020,33
1020,22
1020,19
1021,9
1021,15
1021,2
1021,31
1021,32
1021,13
