municipio_id,estado_id,municipio
9002,9,Azcapotzalco
9003,9,Coyoacan
9004,9,Cuajimalpa De Morelos
9005,9,Gustavo A. Madero
9006,9,Iztacalco
9007,9,Iztapalapa
9008,9,La Magdalena Contreras
9009,9,Milpa Alta
9010,9,Alvaro Obregon
9011,9,Tlahuac
9012,9,Tlalpan
9013,9,Xochimilco
9014,9,Benito Juarez
9015,9,Cuauhtemoc
9016,9,Miguel Hidalgo
9017,9,Venustiano Carranza
15001,15,Acambay De Ruiz Castaneda
15002,15,Acolman
15003,15,Aculco
15004,15,Almoloya De Alquisiras
15005,15,Almoloya De Juarez
15006,15,Almoloya Del Rio
15007,15,Amanalco
15008,15,Amatepec
15009,15,Amecameca
15010,15,Apaxco
15011,15,Atenco
15012,15,Atizapan
15013,15,Atizapan De Zaragoza
15014,15,Atlacomulco
15015,15,Atlautla
15016,15,Axapusco
15017,15,Ayapango
15018,15,Calimaya
15019,15,Capulhuac
15020,15,Coacalco De Berriozabal
15021,15,Coatepec Harinas
15022,15,Cocotitlan
15023,15,Coyotepec
15024,15,Cuautitlan
15025,15,Chalco
15026,15,Chapa De Mota
15027,15,Chapultepec
15028,15,Chiautla
15029,15,Chicoloapan
15030,15,Chiconcuac
15031,15,Chimalhuacan
15032,15,Donato Guerra
15033,15,Ecatepec De Morelos
15034,15,Ecatzingo
15035,15,Huehuetoca
15036,15,Hueypoxtla
15037,15,Huixquilucan
15038,15,Isidro Fabela
15039,15,Ixtapaluca
15040,15,Ixtapan De La Sal
15041,15,Ixtapan Del Oro
15042,15,Ixtlahuaca
15043,15,Xalatlaco
15044,15,Jaltenco
15045,15,Jilotepec
15046,15,Jilotzingo
15047,15,Jiquipilco
15048,15,Jocotitlan
15049,15,Joquicingo
15050,15,Juchitepec
15051,15,Lerma
15052,15,Malinalco
15053,15,Melchor Ocampo
15054,15,Metepec
15055,15,Mexicaltzingo
15056,15,Morelos
15057,15,Naucalpan De Juarez
15058,15,Nezahualcoyotl
15059,15,Nextlalpan
15060,15,Nicolas Romero
15061,15,Nopaltepec
15062,15,Ocoyoacac
15063,15,Ocuilan
15064,15,El Oro
15065,15,Otumba
15066,15,Otzoloapan
15067,15,Otzolotepec
15068,15,Ozumba
15069,15,Papalotla
15070,15,La Paz
15071,15,Polotitlan
15072,15,Rayon
15073,15,San Antonio La Isla
15074,15,San Felipe Del Progreso
15075,15,San Martin De Las Piramides
15076,15,San Mateo Atenco
15077,15,San Simon De Guerrero
15078,15,Santo Tomas
15079,15,Soyaniquilpan De Juarez
15080,15,Sultepec
15081,15,Tecamac
15082,15,Tejupilco
15083,15,Temamatla
15084,15,Temascalapa
15085,15,Temascalcingo
15086,15,Temascaltepec
15087,15,Temoaya
15088,15,Tenancingo
15089,15,Tenango Del Aire
15090,15,Tenango Del Valle
15091,15,Teoloyucan
15092,15,Teotihuacan
15093,15,Tepetlaoxtoc
15094,15,Tepetlixpa
15095,15,Tepotzotlan
15096,15,Tequixquiac
15097,15,Texcaltitlan
15098,15,Texcalyacac
15099,15,Texcoco
15100,15,Tezoyuca
15101,15,Tianguistenco
15102,15,Timilpan
15103,15,Tlalmanalco
15104,15,Tlalnepantla De Baz
15105,15,Tlatlaya
15106,15,Toluca
15107,15,Tonatico
15108,15,Tultepec
15109,15,Tultitlan
15110,15,Valle De Bravo
15111,15,Villa De Allende
15112,15,Villa Del Carbon
15113,15,Villa Guerrero
15114,15,Villa Victoria
15115,15,Xonacatlan
15116,15,Zacazonapan
15117,15,Zacualpan
15118,15,Zinacantepec
15119,15,Zumpahuacan
15120,15,Zumpango
15121,15,Cuautitlan Izcalli
15122,15,Valle De Chalco Solidaridad
15123,15,Luvianos
15124,15,San Jose Del Rincon
15125,15,Tonanitla
